Name,Code,Easting,Northing,Elevation,Description,Longitude,Latitude,Ellipsoidal height,Origin,Easting RMS,Northing RMS,Elevation RMS,Lateral RMS,Antenna height,Antenna height units,Solution status,Averaging start,Averaging end,Samples,PDOP,GDOP,Base easting,Base northing,Base elevation,Base longitude,Base latitude,Base ellipsoidal height,Baseline,Mount point,CS name,GPS Satellites,GLONASS Satellites,Galileo Satellites,BeiDou Satellites,QZSS Satellites
1,,468034.749,4313288.070,2429.035,,-105.36898212,38.96798037,2415.016,Global,0.012,0.012,0.012,0.017,2.134,m,FIX,2024-08-05 12:40:46.6 UTC-06:00,2024-08-05 12:41:16.6 UTC-06:00,151,1.7,2.1,468407.270,4313300.281,2430.913,-105.36468267,38.96810392,2416.886,372.997,,NAD83(2011) / UTM zone 13N + NAVD88(GEOID18) height,7,6,5,5,0
2,,468034.735,4313288.078,2429.044,,-105.36898228,38.96798044,2415.025,Global,0.010,0.012,0.010,0.016,2.134,m,FIX,2024-08-05 12:42:56.0 UTC-06:00,2024-08-05 12:42:59.0 UTC-06:00,16,1.7,2.1,468407.270,4313300.281,2430.913,-105.36468267,38.96810392,2416.886,373.020,,NAD83(2011) / UTM zone 13N + NAVD88(GEOID18) height,6,6,5,4,0
3,,468034.544,4313288.155,2429.004,,-105.36898449,38.96798113,2414.985,Global,0.010,0.011,0.010,0.015,2.134,m,FIX,2024-08-05 12:43:29.0 UTC-06:00,2024-08-05 12:43:32.0 UTC-06:00,16,1.7,2.1,468407.270,4313300.281,2430.913,-105.36468267,38.96810392,2416.886,373.211,,NAD83(2011) / UTM zone 13N + NAVD88(GEOID18) height,7,6,5,5,0
4,,468034.804,4313288.358,2428.940,,-105.36898150,38.96798297,2414.920,Global,0.011,0.012,0.010,0.016,2.134,m,FIX,2024-08-05 12:43:41.2 UTC-06:00,2024-08-05 12:43:44.2 UTC-06:00,16,1.7,2.1,468407.270,4313300.281,2430.913,-105.36468267,38.96810392,2416.886,372.938,,NAD83(2011) / UTM zone 13N + NAVD88(GEOID18) height,7,6,5,4,0
5,,468034.954,4313288.030,2428.960,,-105.36897975,38.96798002,2414.940,Global,0.010,0.014,0.010,0.017,2.134,m,FIX,2024-08-05 12:44:01.2 UTC-06:00,2024-08-05 12:44:04.2 UTC-06:00,16,1.7,2.1,468407.270,4313300.281,2430.913,-105.36468267,38.96810392,2416.886,372.803,,NAD83(2011) / UTM zone 13N + NAVD88(GEOID18) height,6,6,5,5,0
6,,468034.609,4313287.868,2429.004,,-105.36898373,38.96797854,2414.985,Global,0.011,0.010,0.010,0.015,2.134,m,FIX,2024-08-05 12:44:18.6 UTC-06:00,2024-08-05 12:44:21.6 UTC-06:00,16,1.7,2.1,468407.270,4313300.281,2430.913,-105.36468267,38.96810392,2416.886,373.149,,NAD83(2011) / UTM zone 13N + NAVD88(GEOID18) height,7,6,5,5,0
7,,468034.759,4313288.050,2428.989,,-105.36898200,38.96798019,2414.970,Global,0.011,0.010,0.010,0.015,2.134,m,FIX,2024-08-05 12:44:35.8 UTC-06:00,2024-08-05 12:44:38.8 UTC-06:00,16,1.8,2.1,468407.270,4313300.281,2430.913,-105.36468267,38.96810392,2416.886,372.995,,NAD83(2011) / UTM zone 13N + NAVD88(GEOID18) height,7,6,5,5,0
8,,468034.760,4313288.072,2429.027,,-105.36898200,38.96798039,2415.007,Global,0.014,0.012,0.011,0.019,2.134,m,FIX,2024-08-05 12:44:54.0 UTC-06:00,2024-08-05 12:44:57.0 UTC-06:00,16,1.8,2.1,468407.270,4313300.281,2430.913,-105.36468267,38.96810392,2416.886,372.996,,NAD83(2011) / UTM zone 13N + NAVD88(GEOID18) height,6,6,5,5,0
9,,468034.848,4313288.388,2428.940,,-105.36898099,38.96798324,2414.920,Global,0.010,0.014,0.011,0.017,2.134,m,FIX,2024-08-05 12:45:18.8 UTC-06:00,2024-08-05 12:45:21.8 UTC-06:00,16,1.8,2.1,468407.270,4313300.281,2430.913,-105.36468267,38.96810392,2416.886,372.900,,NAD83(2011) / UTM zone 13N + NAVD88(GEOID18) height,7,6,5,5,0
10,,468034.898,4313288.551,2428.866,,-105.36898042,38.96798470,2414.846,Global,0.016,0.014,0.011,0.022,2.134,m,FIX,2024-08-05 12:45:42.4 UTC-06:00,2024-08-05 12:45:45.4 UTC-06:00,16,1.8,2.1,468407.270,4313300.281,2430.913,-105.36468267,38.96810392,2416.886,372.838,,NAD83(2011) / UTM zone 13N + NAVD88(GEOID18) height,6,6,5,5,0
11,,468034.996,4313288.744,2428.676,,-105.36897929,38.96798645,2414.656,Global,0.012,0.012,0.012,0.016,2.134,m,FIX,2024-08-05 12:45:54.2 UTC-06:00,2024-08-05 12:45:57.2 UTC-06:00,16,1.8,2.1,468407.270,4313300.281,2430.913,-105.36468267,38.96810392,2416.886,372.745,,NAD83(2011) / UTM zone 13N + NAVD88(GEOID18) height,7,6,5,4,0
12,,468035.040,4313288.907,2428.648,,-105.36897880,38.96798792,2414.629,Global,0.012,0.011,0.010,0.017,2.134,m,FIX,2024-08-05 12:46:07.0 UTC-06:00,2024-08-05 12:46:10.0 UTC-06:00,16,1.8,2.1,468407.270,4313300.281,2430.913,-105.36468267,38.96810392,2416.886,372.690,,NAD83(2011) / UTM zone 13N + NAVD88(GEOID18) height,7,6,5,4,0
13,,468035.165,4313289.127,2428.434,,-105.36897737,38.96798991,2414.414,Global,0.013,0.012,0.010,0.018,2.134,m,FIX,2024-08-05 12:46:17.4 UTC-06:00,2024-08-05 12:46:20.4 UTC-06:00,16,1.8,2.1,468407.270,4313300.281,2430.913,-105.36468267,38.96810392,2416.886,372.554,,NAD83(2011) / UTM zone 13N + NAVD88(GEOID18) height,7,6,5,5,0
14,,468035.197,4313289.279,2428.226,,-105.36897700,38.96799128,2414.206,Global,0.011,0.010,0.015,0.015,2.134,m,FIX,2024-08-05 12:46:33.8 UTC-06:00,2024-08-05 12:46:36.8 UTC-06:00,16,1.6,1.9,468407.270,4313300.281,2430.913,-105.36468267,38.96810392,2416.886,372.518,,NAD83(2011) / UTM zone 13N + NAVD88(GEOID18) height,7,6,5,5,0
15,,468035.302,4313289.544,2428.528,,-105.36897581,38.96799367,2414.508,Global,0.011,0.010,0.011,0.015,2.134,m,FIX,2024-08-05 12:47:02.0 UTC-06:00,2024-08-05 12:47:05.0 UTC-06:00,16,1.8,2.1,468407.270,4313300.281,2430.913,-105.36468267,38.96810392,2416.886,372.399,,NAD83(2011) / UTM zone 13N + NAVD88(GEOID18) height,7,6,4,4,0
16,,468035.296,4313289.692,2428.571,,-105.36897589,38.96799500,2414.552,Global,0.015,0.012,0.011,0.019,2.134,m,FIX,2024-08-05 12:47:17.2 UTC-06:00,2024-08-05 12:47:20.2 UTC-06:00,16,1.8,2.1,468407.270,4313300.281,2430.913,-105.36468267,38.96810392,2416.886,372.398,,NAD83(2011) / UTM zone 13N + NAVD88(GEOID18) height,7,6,4,5,0
17,,468035.361,4313289.889,2428.633,,-105.36897514,38.96799678,2414.614,Global,0.011,0.011,0.011,0.015,2.134,m,FIX,2024-08-05 12:47:28.2 UTC-06:00,2024-08-05 12:47:31.2 UTC-06:00,16,1.6,1.9,468407.270,4313300.281,2430.913,-105.36468267,38.96810392,2416.886,372.341,,NAD83(2011) / UTM zone 13N + NAVD88(GEOID18) height,7,6,4,5,0
18,,468035.387,4313290.079,2428.824,,-105.36897485,38.96799849,2414.804,Global,0.011,0.013,0.010,0.017,2.134,m,FIX,2024-08-05 12:47:42.6 UTC-06:00,2024-08-05 12:47:45.6 UTC-06:00,16,1.8,2.2,468407.270,4313300.281,2430.913,-105.36468267,38.96810392,2416.886,372.313,,NAD83(2011) / UTM zone 13N + NAVD88(GEOID18) height,7,6,4,5,0
19,,468035.456,4313290.273,2428.705,,-105.36897406,38.96800025,2414.685,Global,0.011,0.011,0.010,0.015,2.134,m,FIX,2024-08-05 12:47:58.0 UTC-06:00,2024-08-05 12:48:01.0 UTC-06:00,16,1.8,2.2,468407.270,4313300.281,2430.913,-105.36468267,38.96810392,2416.886,372.234,,NAD83(2011) / UTM zone 13N + NAVD88(GEOID18) height,6,6,4,4,0
20,,468035.442,4313290.420,2427.974,,-105.36897423,38.96800157,2413.954,Global,0.013,0.012,0.011,0.018,2.134,m,FIX,2024-08-05 12:48:21.6 UTC-06:00,2024-08-05 12:48:24.6 UTC-06:00,16,1.8,2.2,468407.270,4313300.281,2430.913,-105.36468267,38.96810392,2416.886,372.246,,NAD83(2011) / UTM zone 13N + NAVD88(GEOID18) height,7,6,5,4,0
21,,468035.634,4313290.602,2428.494,,-105.36897202,38.96800321,2414.474,Global,0.013,0.011,0.011,0.017,2.134,m,FIX,2024-08-05 12:48:58.0 UTC-06:00,2024-08-05 12:49:01.0 UTC-06:00,16,1.8,2.2,468407.270,4313300.281,2430.913,-105.36468267,38.96810392,2416.886,372.058,,NAD83(2011) / UTM zone 13N + NAVD88(GEOID18) height,6,6,5,4,0
22,,468035.730,4313290.813,2428.361,,-105.36897092,38.96800512,2414.342,Global,0.011,0.015,0.011,0.018,2.134,m,FIX,2024-08-05 12:49:08.8 UTC-06:00,2024-08-05 12:49:11.8 UTC-06:00,16,1.8,2.2,468407.270,4313300.281,2430.913,-105.36468267,38.96810392,2416.886,371.950,,NAD83(2011) / UTM zone 13N + NAVD88(GEOID18) height,7,6,5,4,0
23,,468035.786,4313291.007,2428.262,,-105.36897028,38.96800688,2414.242,Global,0.011,0.013,0.012,0.017,2.134,m,FIX,2024-08-05 12:49:17.2 UTC-06:00,2024-08-05 12:49:20.2 UTC-06:00,16,1.8,2.2,468407.270,4313300.281,2430.913,-105.36468267,38.96810392,2416.886,371.888,,NAD83(2011) / UTM zone 13N + NAVD88(GEOID18) height,7,6,5,4,0
24,,468035.829,4313291.187,2428.177,,-105.36896980,38.96800849,2414.158,Global,0.011,0.012,0.011,0.016,2.134,m,FIX,2024-08-05 12:49:31.2 UTC-06:00,2024-08-05 12:49:34.2 UTC-06:00,16,1.8,2.2,468407.270,4313300.281,2430.913,-105.36468267,38.96810392,2416.886,371.838,,NAD83(2011) / UTM zone 13N + NAVD88(GEOID18) height,7,6,5,4,0
25,,468035.851,4313291.379,2427.889,,-105.36896955,38.96801023,2413.869,Global,0.011,0.010,0.010,0.015,2.134,m,FIX,2024-08-05 12:50:11.8 UTC-06:00,2024-08-05 12:50:14.8 UTC-06:00,16,1.9,2.4,468407.270,4313300.281,2430.913,-105.36468267,38.96810392,2416.886,371.811,,NAD83(2011) / UTM zone 13N + NAVD88(GEOID18) height,7,6,5,4,0
26,,468035.902,4313291.571,2427.763,,-105.36896898,38.96801196,2413.743,Global,0.012,0.010,0.011,0.016,2.134,m,FIX,2024-08-05 12:50:43.4 UTC-06:00,2024-08-05 12:50:46.4 UTC-06:00,16,1.9,2.4,468407.270,4313300.281,2430.913,-105.36468267,38.96810392,2416.886,371.753,,NAD83(2011) / UTM zone 13N + NAVD88(GEOID18) height,7,6,4,4,0
27,,468036.034,4313291.775,2427.567,,-105.36896746,38.96801380,2413.548,Global,0.011,0.011,0.011,0.015,2.134,m,FIX,2024-08-05 12:50:54.8 UTC-06:00,2024-08-05 12:50:57.8 UTC-06:00,16,1.9,2.4,468407.270,4313300.281,2430.913,-105.36468267,38.96810392,2416.886,371.611,,NAD83(2011) / UTM zone 13N + NAVD88(GEOID18) height,7,6,4,4,0
28,,468036.079,4313291.947,2427.569,,-105.36896695,38.96801535,2413.549,Global,0.011,0.011,0.016,0.016,2.134,m,FIX,2024-08-05 12:51:09.8 UTC-06:00,2024-08-05 12:51:12.8 UTC-06:00,16,2.3,2.7,468407.270,4313300.281,2430.913,-105.36468267,38.96810392,2416.886,371.566,,NAD83(2011) / UTM zone 13N + NAVD88(GEOID18) height,6,6,5,4,0
29,,468036.200,4313292.139,2427.711,,-105.36896556,38.96801709,2413.692,Global,0.011,0.011,0.019,0.015,2.134,m,FIX,2024-08-05 12:51:18.4 UTC-06:00,2024-08-05 12:51:21.4 UTC-06:00,16,1.8,2.2,468407.270,4313300.281,2430.913,-105.36468267,38.96810392,2416.886,371.449,,NAD83(2011) / UTM zone 13N + NAVD88(GEOID18) height,7,6,5,4,0
30,,468036.326,4313292.324,2427.689,,-105.36896411,38.96801876,2413.670,Global,0.010,0.012,0.015,0.016,2.134,m,FIX,2024-08-05 12:51:30.4 UTC-06:00,2024-08-05 12:51:33.4 UTC-06:00,16,1.8,2.2,468407.270,4313300.281,2430.913,-105.36468267,38.96810392,2416.886,371.315,,NAD83(2011) / UTM zone 13N + NAVD88(GEOID18) height,7,6,5,4,0
31,,468036.288,4313292.530,2427.896,,-105.36896456,38.96802061,2413.877,Global,0.011,0.011,0.012,0.016,2.134,m,FIX,2024-08-05 12:51:44.0 UTC-06:00,2024-08-05 12:51:47.0 UTC-06:00,16,1.8,2.2,468407.270,4313300.281,2430.913,-105.36468267,38.96810392,2416.886,371.353,,NAD83(2011) / UTM zone 13N + NAVD88(GEOID18) height,7,6,4,4,0
32,,468036.303,4313292.712,2427.924,,-105.36896440,38.96802225,2413.904,Global,0.010,0.011,0.012,0.015,2.134,m,FIX,2024-08-05 12:52:05.8 UTC-06:00,2024-08-05 12:52:08.8 UTC-06:00,16,1.8,2.2,468407.270,4313300.281,2430.913,-105.36468267,38.96810392,2416.886,371.326,,NAD83(2011) / UTM zone 13N + NAVD88(GEOID18) height,6,6,4,4,0
33,,468036.385,4313292.944,2427.598,,-105.36896346,38.96802435,2413.579,Global,0.012,0.011,0.011,0.016,2.134,m,FIX,2024-08-05 12:52:25.4 UTC-06:00,2024-08-05 12:52:28.4 UTC-06:00,16,1.8,2.2,468407.270,4313300.281,2430.913,-105.36468267,38.96810392,2416.886,371.238,,NAD83(2011) / UTM zone 13N + NAVD88(GEOID18) height,6,6,4,4,0
34,,468036.429,4313293.108,2427.598,,-105.36896297,38.96802583,2413.578,Global,0.012,0.011,0.011,0.016,2.134,m,FIX,2024-08-05 12:52:41.4 UTC-06:00,2024-08-05 12:52:44.4 UTC-06:00,16,1.8,2.2,468407.270,4313300.281,2430.913,-105.36468267,38.96810392,2416.886,371.203,,NAD83(2011) / UTM zone 13N + NAVD88(GEOID18) height,7,6,4,4,0
35,,468036.561,4313293.268,2427.638,,-105.36896145,38.96802728,2413.618,Global,0.011,0.014,0.010,0.018,2.134,m,FIX,2024-08-05 12:53:01.8 UTC-06:00,2024-08-05 12:53:04.8 UTC-06:00,16,1.8,2.2,468407.270,4313300.281,2430.913,-105.36468267,38.96810392,2416.886,371.056,,NAD83(2011) / UTM zone 13N + NAVD88(GEOID18) height,7,6,4,4,0
36,,468036.666,4313293.449,2427.580,,-105.36896025,38.96802891,2413.560,Global,0.019,0.014,0.012,0.023,2.134,m,FIX,2024-08-05 12:53:10.2 UTC-06:00,2024-08-05 12:53:13.2 UTC-06:00,16,1.8,2.2,468407.270,4313300.281,2430.913,-105.36468267,38.96810392,2416.886,370.941,,NAD83(2011) / UTM zone 13N + NAVD88(GEOID18) height,5,6,4,4,0
37,,468036.755,4313293.611,2427.476,,-105.36895922,38.96803038,2413.457,Global,0.010,0.012,0.012,0.016,2.134,m,FIX,2024-08-05 12:53:28.6 UTC-06:00,2024-08-05 12:53:31.6 UTC-06:00,16,1.8,2.2,468407.270,4313300.281,2430.913,-105.36468267,38.96810392,2416.886,370.859,,NAD83(2011) / UTM zone 13N + NAVD88(GEOID18) height,6,6,4,4,0
38,,468036.791,4313293.846,2427.477,,-105.36895881,38.96803249,2413.458,Global,0.012,0.015,0.014,0.019,2.134,m,FIX,2024-08-05 12:53:45.4 UTC-06:00,2024-08-05 12:53:48.4 UTC-06:00,16,1.8,2.2,468407.270,4313300.281,2430.913,-105.36468267,38.96810392,2416.886,370.816,,NAD83(2011) / UTM zone 13N + NAVD88(GEOID18) height,7,6,4,4,0
39,,468036.811,4313294.034,2427.470,,-105.36895860,38.96803418,2413.450,Global,0.011,0.011,0.012,0.015,2.134,m,FIX,2024-08-05 12:53:59.4 UTC-06:00,2024-08-05 12:54:02.4 UTC-06:00,16,1.8,2.2,468407.270,4313300.281,2430.913,-105.36468267,38.96810392,2416.886,370.807,,NAD83(2011) / UTM zone 13N + NAVD88(GEOID18) height,7,6,4,4,0
40,,468036.790,4313294.235,2427.440,,-105.36895885,38.96803599,2413.420,Global,0.010,0.011,0.011,0.015,2.134,m,FIX,2024-08-05 12:54:10.6 UTC-06:00,2024-08-05 12:54:13.6 UTC-06:00,16,1.8,2.2,468407.270,4313300.281,2430.913,-105.36468267,38.96810392,2416.886,370.815,,NAD83(2011) / UTM zone 13N + NAVD88(GEOID18) height,7,6,4,4,0
41,,468036.876,4313294.438,2427.391,,-105.36895787,38.96803783,2413.372,Global,0.012,0.011,0.012,0.016,2.134,m,FIX,2024-08-05 12:54:26.0 UTC-06:00,2024-08-05 12:54:29.0 UTC-06:00,16,1.8,2.2,468407.270,4313300.281,2430.913,-105.36468267,38.96810392,2416.886,370.721,,NAD83(2011) / UTM zone 13N + NAVD88(GEOID18) height,6,6,4,4,0
42,,468036.898,4313294.647,2427.404,,-105.36895762,38.96803971,2413.385,Global,0.011,0.011,0.010,0.016,2.134,m,FIX,2024-08-05 12:54:37.0 UTC-06:00,2024-08-05 12:54:40.0 UTC-06:00,16,1.8,2.2,468407.270,4313300.281,2430.913,-105.36468267,38.96810392,2416.886,370.691,,NAD83(2011) / UTM zone 13N + NAVD88(GEOID18) height,7,6,4,4,0
43,,468037.055,4313294.800,2427.444,,-105.36895582,38.96804110,2413.424,Global,0.012,0.011,0.010,0.016,2.134,m,FIX,2024-08-05 12:54:50.4 UTC-06:00,2024-08-05 12:54:53.4 UTC-06:00,16,1.8,2.2,468407.270,4313300.281,2430.913,-105.36468267,38.96810392,2416.886,370.536,,NAD83(2011) / UTM zone 13N + NAVD88(GEOID18) height,6,6,4,5,0
44,,468037.111,4313294.976,2427.448,,-105.36895517,38.96804269,2413.429,Global,0.011,0.013,0.015,0.017,2.134,m,FIX,2024-08-05 12:55:03.4 UTC-06:00,2024-08-05 12:55:06.4 UTC-06:00,16,1.8,2.2,468407.270,4313300.281,2430.913,-105.36468267,38.96810392,2416.886,370.483,,NAD83(2011) / UTM zone 13N + NAVD88(GEOID18) height,6,6,4,4,0
45,,468037.176,4313295.162,2427.400,,-105.36895443,38.96804437,2413.381,Global,0.012,0.011,0.010,0.016,2.134,m,FIX,2024-08-05 12:55:11.6 UTC-06:00,2024-08-05 12:55:14.6 UTC-06:00,16,1.8,2.2,468407.270,4313300.281,2430.913,-105.36468267,38.96810392,2416.886,370.408,,NAD83(2011) / UTM zone 13N + NAVD88(GEOID18) height,7,6,4,4,0
46,,468037.288,4313295.353,2427.433,,-105.36895315,38.96804609,2413.413,Global,0.011,0.011,0.012,0.016,2.134,m,FIX,2024-08-05 12:55:22.8 UTC-06:00,2024-08-05 12:55:25.8 UTC-06:00,16,1.8,2.2,468407.270,4313300.281,2430.913,-105.36468267,38.96810392,2416.886,370.293,,NAD83(2011) / UTM zone 13N + NAVD88(GEOID18) height,6,6,4,4,0
47,,468037.335,4313295.564,2427.398,,-105.36895262,38.96804800,2413.378,Global,0.011,0.011,0.011,0.016,2.134,m,FIX,2024-08-05 12:55:34.0 UTC-06:00,2024-08-05 12:55:37.0 UTC-06:00,16,1.8,2.2,468407.270,4313300.281,2430.913,-105.36468267,38.96810392,2416.886,370.249,,NAD83(2011) / UTM zone 13N + NAVD88(GEOID18) height,5,6,4,4,0
48,,468037.359,4313295.757,2427.372,,-105.36895235,38.96804973,2413.353,Global,0.011,0.011,0.011,0.015,2.134,m,FIX,2024-08-05 12:55:47.6 UTC-06:00,2024-08-05 12:55:50.6 UTC-06:00,16,1.8,2.2,468407.270,4313300.281,2430.913,-105.36468267,38.96810392,2416.886,370.222,,NAD83(2011) / UTM zone 13N + NAVD88(GEOID18) height,7,6,4,0,0
49,,468037.293,4313295.971,2427.321,,-105.36895312,38.96805166,2413.301,Global,0.012,0.013,0.011,0.017,2.134,m,FIX,2024-08-05 12:56:00.4 UTC-06:00,2024-08-05 12:56:03.4 UTC-06:00,16,1.8,2.2,468407.270,4313300.281,2430.913,-105.36468267,38.96810392,2416.886,370.285,,NAD83(2011) / UTM zone 13N + NAVD88(GEOID18) height,6,6,4,4,0
50,,468037.423,4313296.202,2427.304,,-105.36895163,38.96805374,2413.284,Global,0.012,0.014,0.011,0.018,2.134,m,FIX,2024-08-05 12:56:13.6 UTC-06:00,2024-08-05 12:56:16.6 UTC-06:00,16,1.8,2.2,468407.270,4313300.281,2430.913,-105.36468267,38.96810392,2416.886,370.166,,NAD83(2011) / UTM zone 13N + NAVD88(GEOID18) height,6,6,4,4,0
51,,468037.476,4313296.349,2427.292,,-105.36895103,38.96805507,2413.272,Global,0.012,0.014,0.010,0.018,2.134,m,FIX,2024-08-05 12:56:25.2 UTC-06:00,2024-08-05 12:56:28.2 UTC-06:00,16,1.8,2.2,468407.270,4313300.281,2430.913,-105.36468267,38.96810392,2416.886,370.099,,NAD83(2011) / UTM zone 13N + NAVD88(GEOID18) height,6,6,4,4,0
52,,468037.601,4313296.581,2427.292,,-105.36894960,38.96805717,2413.273,Global,0.010,0.012,0.011,0.016,2.134,m,FIX,2024-08-05 12:56:42.4 UTC-06:00,2024-08-05 12:56:45.4 UTC-06:00,16,1.8,2.2,468407.270,4313300.281,2430.913,-105.36468267,38.96810392,2416.886,369.977,,NAD83(2011) / UTM zone 13N + NAVD88(GEOID18) height,6,6,4,4,0
53,,468037.636,4313296.747,2427.311,,-105.36894920,38.96805866,2413.291,Global,0.014,0.010,0.011,0.017,2.134,m,FIX,2024-08-05 12:56:54.4 UTC-06:00,2024-08-05 12:56:57.4 UTC-06:00,16,1.8,2.2,468407.270,4313300.281,2430.913,-105.36468267,38.96810392,2416.886,369.927,,NAD83(2011) / UTM zone 13N + NAVD88(GEOID18) height,6,6,4,4,0
54,,468037.636,4313296.942,2427.275,,-105.36894921,38.96806042,2413.255,Global,0.012,0.012,0.011,0.017,2.134,m,FIX,2024-08-05 12:57:07.0 UTC-06:00,2024-08-05 12:57:10.0 UTC-06:00,16,1.8,2.2,468407.270,4313300.281,2430.913,-105.36468267,38.96810392,2416.886,369.948,,NAD83(2011) / UTM zone 13N + NAVD88(GEOID18) height,6,6,4,4,0
55,,468037.665,4313297.185,2427.287,,-105.36894888,38.96806261,2413.267,Global,0.013,0.011,0.011,0.017,2.134,m,FIX,2024-08-05 12:57:18.6 UTC-06:00,2024-08-05 12:57:21.6 UTC-06:00,16,1.8,2.3,468407.270,4313300.281,2430.913,-105.36468267,38.96810392,2416.886,369.909,,NAD83(2011) / UTM zone 13N + NAVD88(GEOID18) height,6,6,4,4,0
56,,468037.694,4313297.374,2427.252,,-105.36894856,38.96806432,2413.232,Global,0.010,0.011,0.013,0.015,2.134,m,FIX,2024-08-05 12:57:28.8 UTC-06:00,2024-08-05 12:57:31.8 UTC-06:00,16,1.8,2.3,468407.270,4313300.281,2430.913,-105.36468267,38.96810392,2416.886,369.870,,NAD83(2011) / UTM zone 13N + NAVD88(GEOID18) height,7,6,4,4,0
57,,468037.711,4313297.550,2427.299,,-105.36894837,38.96806590,2413.279,Global,0.011,0.011,0.011,0.015,2.134,m,FIX,2024-08-05 12:57:39.2 UTC-06:00,2024-08-05 12:57:42.2 UTC-06:00,16,1.8,2.3,468407.270,4313300.281,2430.913,-105.36468267,38.96810392,2416.886,369.859,,NAD83(2011) / UTM zone 13N + NAVD88(GEOID18) height,6,6,4,4,0
58,,468037.836,4313297.691,2427.322,,-105.36894694,38.96806718,2413.303,Global,0.011,0.010,0.011,0.015,2.134,m,FIX,2024-08-05 12:57:50.8 UTC-06:00,2024-08-05 12:57:53.8 UTC-06:00,16,1.8,2.3,468407.270,4313300.281,2430.913,-105.36468267,38.96810392,2416.886,369.740,,NAD83(2011) / UTM zone 13N + NAVD88(GEOID18) height,8,6,4,4,0
59,,468037.910,4313297.920,2427.336,,-105.36894609,38.96806924,2413.317,Global,0.012,0.012,0.011,0.017,2.134,m,FIX,2024-08-05 12:58:12.0 UTC-06:00,2024-08-05 12:58:15.0 UTC-06:00,16,1.8,2.3,468407.270,4313300.281,2430.913,-105.36468267,38.96810392,2416.886,369.642,,NAD83(2011) / UTM zone 13N + NAVD88(GEOID18) height,6,6,4,4,0
60,,468037.979,4313298.077,2427.319,,-105.36894530,38.96807066,2413.300,Global,0.011,0.012,0.013,0.016,2.134,m,FIX,2024-08-05 12:58:25.6 UTC-06:00,2024-08-05 12:58:28.6 UTC-06:00,16,1.9,2.3,468407.270,4313300.281,2430.913,-105.36468267,38.96810392,2416.886,369.575,,NAD83(2011) / UTM zone 13N + NAVD88(GEOID18) height,6,6,4,4,0
61,,468038.096,4313298.268,2427.294,,-105.36894396,38.96807239,2413.274,Global,0.012,0.012,0.012,0.017,2.134,m,FIX,2024-08-05 12:58:38.6 UTC-06:00,2024-08-05 12:58:41.6 UTC-06:00,16,1.9,2.3,468407.270,4313300.281,2430.913,-105.36468267,38.96810392,2416.886,369.464,,NAD83(2011) / UTM zone 13N + NAVD88(GEOID18) height,7,6,4,4,0
62,,468038.122,4313298.533,2427.255,,-105.36894367,38.96807478,2413.235,Global,0.018,0.016,0.012,0.024,2.134,m,FIX,2024-08-05 12:58:54.2 UTC-06:00,2024-08-05 12:58:57.2 UTC-06:00,16,1.9,2.3,468407.270,4313300.281,2430.913,-105.36468267,38.96810392,2416.886,369.425,,NAD83(2011) / UTM zone 13N + NAVD88(GEOID18) height,7,6,4,4,0
63,,468038.144,4313298.675,2427.285,,-105.36894343,38.96807605,2413.266,Global,0.011,0.012,0.011,0.016,2.134,m,FIX,2024-08-05 12:59:04.4 UTC-06:00,2024-08-05 12:59:07.4 UTC-06:00,16,1.9,2.3,468407.270,4313300.281,2430.913,-105.36468267,38.96810392,2416.886,369.407,,NAD83(2011) / UTM zone 13N + NAVD88(GEOID18) height,6,6,4,4,0
64,,468038.215,4313298.920,2427.291,,-105.36894261,38.96807827,2413.272,Global,0.012,0.015,0.011,0.019,2.134,m,FIX,2024-08-05 12:59:16.8 UTC-06:00,2024-08-05 12:59:19.8 UTC-06:00,16,1.9,2.3,468407.270,4313300.281,2430.913,-105.36468267,38.96810392,2416.886,369.335,,NAD83(2011) / UTM zone 13N + NAVD88(GEOID18) height,6,6,4,5,0
65,,468038.302,4313299.066,2427.194,,-105.36894162,38.96807958,2413.174,Global,0.014,0.012,0.011,0.018,2.134,m,FIX,2024-08-05 12:59:39.8 UTC-06:00,2024-08-05 12:59:42.8 UTC-06:00,16,1.9,2.3,468407.270,4313300.281,2430.913,-105.36468267,38.96810392,2416.886,369.260,,NAD83(2011) / UTM zone 13N + NAVD88(GEOID18) height,7,6,4,4,0
66,,468038.470,4313299.179,2427.343,,-105.36893969,38.96808061,2413.323,Global,0.031,0.034,0.011,0.046,2.134,m,FIX,2024-08-05 13:00:01.4 UTC-06:00,2024-08-05 13:00:04.4 UTC-06:00,16,1.9,2.3,468407.270,4313300.281,2430.913,-105.36468267,38.96810392,2416.886,369.147,,NAD83(2011) / UTM zone 13N + NAVD88(GEOID18) height,7,6,4,4,0
67,,468038.079,4313299.544,2427.245,,-105.36894422,38.96808388,2413.225,Global,0.014,0.019,0.018,0.023,2.134,m,FIX,2024-08-05 13:00:36.8 UTC-06:00,2024-08-05 13:00:39.8 UTC-06:00,16,1.9,2.3,468407.270,4313300.281,2430.913,-105.36468267,38.96810392,2416.886,369.490,,NAD83(2011) / UTM zone 13N + NAVD88(GEOID18) height,8,6,4,4,0
68,,468038.223,4313299.769,2427.269,,-105.36894256,38.96808592,2413.250,Global,0.011,0.010,0.013,0.015,2.134,m,FIX,2024-08-05 13:00:48.0 UTC-06:00,2024-08-05 13:00:51.0 UTC-06:00,16,1.9,2.3,468407.270,4313300.281,2430.913,-105.36468267,38.96810392,2416.886,369.333,,NAD83(2011) / UTM zone 13N + NAVD88(GEOID18) height,8,6,4,4,0
69,,468038.352,4313299.940,2427.230,,-105.36894109,38.96808746,2413.210,Global,0.011,0.012,0.011,0.016,2.134,m,FIX,2024-08-05 13:00:59.6 UTC-06:00,2024-08-05 13:01:02.6 UTC-06:00,16,1.9,2.3,468407.270,4313300.281,2430.913,-105.36468267,38.96810392,2416.886,369.203,,NAD83(2011) / UTM zone 13N + NAVD88(GEOID18) height,8,6,4,4,0
70,,468038.389,4313300.084,2427.228,,-105.36894067,38.96808876,2413.209,Global,0.015,0.015,0.012,0.021,2.134,m,FIX,2024-08-05 13:01:13.4 UTC-06:00,2024-08-05 13:01:16.4 UTC-06:00,16,1.9,2.3,468407.270,4313300.281,2430.913,-105.36468267,38.96810392,2416.886,369.159,,NAD83(2011) / UTM zone 13N + NAVD88(GEOID18) height,7,6,4,4,0
71,,468038.478,4313300.262,2427.228,,-105.36893964,38.96809037,2413.208,Global,0.012,0.018,0.010,0.021,2.134,m,FIX,2024-08-05 13:01:23.6 UTC-06:00,2024-08-05 13:01:26.6 UTC-06:00,16,1.9,2.3,468407.270,4313300.281,2430.913,-105.36468267,38.96810392,2416.886,369.087,,NAD83(2011) / UTM zone 13N + NAVD88(GEOID18) height,8,6,4,4,0
72,,468038.536,4313300.444,2427.252,,-105.36893898,38.96809201,2413.233,Global,0.013,0.011,0.011,0.017,2.134,m,FIX,2024-08-05 13:01:34.8 UTC-06:00,2024-08-05 13:01:37.8 UTC-06:00,16,1.9,2.3,468407.270,4313300.281,2430.913,-105.36468267,38.96810392,2416.886,369.022,,NAD83(2011) / UTM zone 13N + NAVD88(GEOID18) height,8,6,4,4,0
73,,468038.594,4313300.654,2427.349,,-105.36893832,38.96809391,2413.329,Global,0.011,0.011,0.011,0.015,2.134,m,FIX,2024-08-05 13:01:43.6 UTC-06:00,2024-08-05 13:01:46.6 UTC-06:00,16,1.7,2.0,468407.270,4313300.281,2430.913,-105.36468267,38.96810392,2416.886,368.951,,NAD83(2011) / UTM zone 13N + NAVD88(GEOID18) height,7,6,4,4,0
74,,468038.770,4313300.804,2427.312,,-105.36893630,38.96809526,2413.292,Global,0.017,0.012,0.012,0.021,2.134,m,FIX,2024-08-05 13:02:03.8 UTC-06:00,2024-08-05 13:02:06.8 UTC-06:00,16,1.9,2.3,468407.270,4313300.281,2430.913,-105.36468267,38.96810392,2416.886,368.773,,NAD83(2011) / UTM zone 13N + NAVD88(GEOID18) height,7,6,4,4,0
75,,468038.788,4313300.990,2427.326,,-105.36893610,38.96809694,2413.307,Global,0.015,0.011,0.011,0.018,2.134,m,FIX,2024-08-05 13:02:17.6 UTC-06:00,2024-08-05 13:02:20.6 UTC-06:00,16,1.7,2.0,468407.270,4313300.281,2430.913,-105.36468267,38.96810392,2416.886,368.759,,NAD83(2011) / UTM zone 13N + NAVD88(GEOID18) height,8,6,4,4,0
76,,468038.842,4313301.174,2427.370,,-105.36893549,38.96809860,2413.350,Global,0.015,0.011,0.011,0.018,2.134,m,FIX,2024-08-05 13:02:27.0 UTC-06:00,2024-08-05 13:02:30.0 UTC-06:00,16,1.7,2.0,468407.270,4313300.281,2430.913,-105.36468267,38.96810392,2416.886,368.720,,NAD83(2011) / UTM zone 13N + NAVD88(GEOID18) height,7,6,4,4,0
77,,468038.925,4313301.348,2427.381,,-105.36893454,38.96810017,2413.362,Global,0.011,0.011,0.011,0.016,2.134,m,FIX,2024-08-05 13:02:37.0 UTC-06:00,2024-08-05 13:02:40.0 UTC-06:00,16,1.7,2.0,468407.270,4313300.281,2430.913,-105.36468267,38.96810392,2416.886,368.628,,NAD83(2011) / UTM zone 13N + NAVD88(GEOID18) height,8,6,4,4,0
78,,468039.005,4313301.538,2427.394,,-105.36893363,38.96810189,2413.375,Global,0.011,0.012,0.014,0.017,2.134,m,FIX,2024-08-05 13:02:46.6 UTC-06:00,2024-08-05 13:02:49.6 UTC-06:00,16,1.7,2.0,468407.270,4313300.281,2430.913,-105.36468267,38.96810392,2416.886,368.557,,NAD83(2011) / UTM zone 13N + NAVD88(GEOID18) height,7,6,4,4,0
79,,468039.061,4313301.754,2427.379,,-105.36893298,38.96810384,2413.360,Global,0.011,0.011,0.016,0.016,2.134,m,FIX,2024-08-05 13:02:53.8 UTC-06:00,2024-08-05 13:02:56.8 UTC-06:00,16,1.7,2.0,468407.270,4313300.281,2430.913,-105.36468267,38.96810392,2416.886,368.501,,NAD83(2011) / UTM zone 13N + NAVD88(GEOID18) height,7,6,4,4,0
80,,468039.153,4313301.957,2427.333,,-105.36893194,38.96810566,2413.313,Global,0.010,0.011,0.012,0.015,2.134,m,FIX,2024-08-05 13:03:05.2 UTC-06:00,2024-08-05 13:03:08.2 UTC-06:00,16,1.7,2.0,468407.270,4313300.281,2430.913,-105.36468267,38.96810392,2416.886,368.407,,NAD83(2011) / UTM zone 13N + NAVD88(GEOID18) height,8,6,4,4,0
81,,468039.174,4313302.089,2427.348,,-105.36893170,38.96810686,2413.329,Global,0.013,0.012,0.015,0.018,2.134,m,FIX,2024-08-05 13:03:12.0 UTC-06:00,2024-08-05 13:03:15.0 UTC-06:00,16,1.7,2.0,468407.270,4313300.281,2430.913,-105.36468267,38.96810392,2416.886,368.390,,NAD83(2011) / UTM zone 13N + NAVD88(GEOID18) height,7,6,4,4,0
82,,468039.289,4313302.323,2427.328,,-105.36893037,38.96810897,2413.309,Global,0.012,0.012,0.011,0.017,2.134,m,FIX,2024-08-05 13:03:19.2 UTC-06:00,2024-08-05 13:03:22.2 UTC-06:00,16,1.7,2.0,468407.270,4313300.281,2430.913,-105.36468267,38.96810392,2416.886,368.272,,NAD83(2011) / UTM zone 13N + NAVD88(GEOID18) height,7,6,4,4,0
83,,468039.296,4313302.560,2427.349,,-105.36893031,38.96811111,2413.329,Global,0.012,0.011,0.012,0.016,2.134,m,FIX,2024-08-05 13:03:34.8 UTC-06:00,2024-08-05 13:03:37.8 UTC-06:00,16,1.7,2.0,468407.270,4313300.281,2430.913,-105.36468267,38.96810392,2416.886,368.268,,NAD83(2011) / UTM zone 13N + NAVD88(GEOID18) height,8,6,4,4,0
84,,468039.302,4313302.743,2427.338,,-105.36893024,38.96811276,2413.318,Global,0.026,0.022,0.012,0.034,2.134,m,FIX,2024-08-05 13:03:42.0 UTC-06:00,2024-08-05 13:03:45.0 UTC-06:00,16,1.7,2.0,468407.270,4313300.281,2430.913,-105.36468267,38.96810392,2416.886,368.252,,NAD83(2011) / UTM zone 13N + NAVD88(GEOID18) height,8,6,4,4,0
85,,468039.339,4313302.889,2427.331,,-105.36892983,38.96811408,2413.312,Global,0.016,0.014,0.011,0.021,2.134,m,FIX,2024-08-05 13:03:58.6 UTC-06:00,2024-08-05 13:04:01.6 UTC-06:00,16,1.7,2.0,468407.270,4313300.281,2430.913,-105.36468267,38.96810392,2416.886,368.235,,NAD83(2011) / UTM zone 13N + NAVD88(GEOID18) height,8,6,5,4,0
86,,468039.363,4313303.147,2427.339,,-105.36892956,38.96811640,2413.320,Global,0.012,0.011,0.014,0.017,2.134,m,FIX,2024-08-05 13:04:11.8 UTC-06:00,2024-08-05 13:04:14.8 UTC-06:00,16,1.7,2.0,468407.270,4313300.281,2430.913,-105.36468267,38.96810392,2416.886,368.211,,NAD83(2011) / UTM zone 13N + NAVD88(GEOID18) height,6,6,5,4,0
87,,468039.322,4313303.314,2427.345,,-105.36893005,38.96811790,2413.325,Global,0.012,0.012,0.013,0.017,2.134,m,FIX,2024-08-05 13:04:30.8 UTC-06:00,2024-08-05 13:04:33.8 UTC-06:00,16,1.7,2.0,468407.270,4313300.281,2430.913,-105.36468267,38.96810392,2416.886,368.244,,NAD83(2011) / UTM zone 13N + NAVD88(GEOID18) height,8,6,4,4,0
88,,468039.375,4313303.508,2427.366,,-105.36892944,38.96811966,2413.346,Global,0.013,0.010,0.011,0.016,2.134,m,FIX,2024-08-05 13:04:43.2 UTC-06:00,2024-08-05 13:04:46.2 UTC-06:00,16,1.7,2.0,468407.270,4313300.281,2430.913,-105.36468267,38.96810392,2416.886,368.199,,NAD83(2011) / UTM zone 13N + NAVD88(GEOID18) height,7,6,5,4,0
89,,468039.406,4313303.737,2427.520,,-105.36892909,38.96812172,2413.500,Global,0.011,0.013,0.010,0.017,2.134,m,FIX,2024-08-05 13:04:58.2 UTC-06:00,2024-08-05 13:05:01.2 UTC-06:00,16,1.7,2.0,468407.270,4313300.281,2430.913,-105.36468267,38.96810392,2416.886,368.173,,NAD83(2011) / UTM zone 13N + NAVD88(GEOID18) height,7,6,4,4,0
90,,468039.518,4313303.929,2427.605,,-105.36892781,38.96812345,2413.585,Global,0.021,0.014,0.011,0.025,2.134,m,FIX,2024-08-05 13:05:08.8 UTC-06:00,2024-08-05 13:05:11.8 UTC-06:00,16,1.7,2.0,468407.270,4313300.281,2430.913,-105.36468267,38.96810392,2416.886,368.026,,NAD83(2011) / UTM zone 13N + NAVD88(GEOID18) height,7,6,5,4,0
91,,468039.529,4313304.142,2427.618,,-105.36892769,38.96812537,2413.598,Global,0.034,0.026,0.014,0.042,2.134,m,FIX,2024-08-05 13:05:24.4 UTC-06:00,2024-08-05 13:05:27.4 UTC-06:00,16,1.7,2.0,468407.270,4313300.281,2430.913,-105.36468267,38.96810392,2416.886,368.072,,NAD83(2011) / UTM zone 13N + NAVD88(GEOID18) height,8,6,5,4,0
92,,468039.594,4313304.280,2427.582,,-105.36892695,38.96812662,2413.562,Global,0.017,0.012,0.011,0.021,2.134,m,FIX,2024-08-05 13:05:32.8 UTC-06:00,2024-08-05 13:05:35.8 UTC-06:00,16,1.7,2.1,468407.270,4313300.281,2430.913,-105.36468267,38.96810392,2416.886,367.977,,NAD83(2011) / UTM zone 13N + NAVD88(GEOID18) height,6,6,4,4,0
93,,468039.710,4313304.463,2427.545,,-105.36892562,38.96812827,2413.525,Global,0.014,0.012,0.011,0.018,2.134,m,FIX,2024-08-05 13:05:42.6 UTC-06:00,2024-08-05 13:05:45.6 UTC-06:00,16,1.7,2.1,468407.270,4313300.281,2430.913,-105.36468267,38.96810392,2416.886,367.869,,NAD83(2011) / UTM zone 13N + NAVD88(GEOID18) height,7,6,5,4,0
94,,468039.784,4313304.631,2427.544,,-105.36892477,38.96812979,2413.525,Global,0.013,0.012,0.012,0.017,2.134,m,FIX,2024-08-05 13:05:58.2 UTC-06:00,2024-08-05 13:06:01.2 UTC-06:00,16,1.7,2.1,468407.270,4313300.281,2430.913,-105.36468267,38.96810392,2416.886,367.805,,NAD83(2011) / UTM zone 13N + NAVD88(GEOID18) height,7,6,5,4,0
95,,468039.782,4313304.837,2427.515,,-105.36892480,38.96813164,2413.495,Global,0.012,0.011,0.011,0.016,2.134,m,FIX,2024-08-05 13:06:13.2 UTC-06:00,2024-08-05 13:06:16.2 UTC-06:00,16,1.7,2.1,468407.270,4313300.281,2430.913,-105.36468267,38.96810392,2416.886,367.814,,NAD83(2011) / UTM zone 13N + NAVD88(GEOID18) height,7,6,4,4,0
96,,468039.904,4313305.040,2427.513,,-105.36892341,38.96813348,2413.493,Global,0.013,0.018,0.013,0.022,2.134,m,FIX,2024-08-05 13:06:29.2 UTC-06:00,2024-08-05 13:06:32.2 UTC-06:00,16,1.7,2.1,468407.270,4313300.281,2430.913,-105.36468267,38.96810392,2416.886,367.687,,NAD83(2011) / UTM zone 13N + NAVD88(GEOID18) height,7,6,4,4,0
97,,468039.974,4313305.239,2427.489,,-105.36892261,38.96813528,2413.470,Global,0.013,0.011,0.015,0.017,2.134,m,FIX,2024-08-05 13:06:41.8 UTC-06:00,2024-08-05 13:06:44.8 UTC-06:00,16,1.7,2.1,468407.270,4313300.281,2430.913,-105.36468267,38.96810392,2416.886,367.618,,NAD83(2011) / UTM zone 13N + NAVD88(GEOID18) height,7,6,4,4,0
98,,468040.056,4313305.420,2427.460,,-105.36892167,38.96813691,2413.441,Global,0.013,0.011,0.010,0.017,2.134,m,FIX,2024-08-05 13:06:58.0 UTC-06:00,2024-08-05 13:07:01.0 UTC-06:00,16,1.7,2.1,468407.270,4313300.281,2430.913,-105.36468267,38.96810392,2416.886,367.530,,NAD83(2011) / UTM zone 13N + NAVD88(GEOID18) height,7,6,5,4,0
99,,468040.108,4313305.584,2427.434,,-105.36892108,38.96813839,2413.414,Global,0.016,0.012,0.012,0.020,2.134,m,FIX,2024-08-05 13:07:07.0 UTC-06:00,2024-08-05 13:07:10.0 UTC-06:00,16,1.7,2.1,468407.270,4313300.281,2430.913,-105.36468267,38.96810392,2416.886,367.473,,NAD83(2011) / UTM zone 13N + NAVD88(GEOID18) height,7,6,5,4,0
100,,468040.171,4313305.789,2427.389,,-105.36892036,38.96814024,2413.370,Global,0.012,0.012,0.012,0.017,2.134,m,FIX,2024-08-05 13:07:23.0 UTC-06:00,2024-08-05 13:07:26.0 UTC-06:00,16,1.9,2.3,468407.270,4313300.281,2430.913,-105.36468267,38.96810392,2416.886,367.439,,NAD83(2011) / UTM zone 13N + NAVD88(GEOID18) height,7,6,4,4,0
101,,468040.234,4313305.950,2427.395,,-105.36891964,38.96814169,2413.376,Global,0.014,0.010,0.014,0.017,2.134,m,FIX,2024-08-05 13:07:31.4 UTC-06:00,2024-08-05 13:07:34.4 UTC-06:00,16,1.7,2.1,468407.270,4313300.281,2430.913,-105.36468267,38.96810392,2416.886,367.369,,NAD83(2011) / UTM zone 13N + NAVD88(GEOID18) height,7,6,4,4,0
102,,468040.331,4313306.118,2427.376,,-105.36891852,38.96814320,2413.357,Global,0.014,0.011,0.012,0.018,2.134,m,FIX,2024-08-05 13:07:40.6 UTC-06:00,2024-08-05 13:07:43.6 UTC-06:00,16,1.9,2.4,468407.270,4313300.281,2430.913,-105.36468267,38.96810392,2416.886,367.252,,NAD83(2011) / UTM zone 13N + NAVD88(GEOID18) height,7,6,4,4,0
103,,468040.446,4313306.335,2427.385,,-105.36891721,38.96814516,2413.365,Global,0.012,0.012,0.017,0.017,2.134,m,FIX,2024-08-05 13:07:54.2 UTC-06:00,2024-08-05 13:07:57.2 UTC-06:00,16,1.9,2.4,468407.270,4313300.281,2430.913,-105.36468267,38.96810392,2416.886,367.161,,NAD83(2011) / UTM zone 13N + NAVD88(GEOID18) height,7,6,4,4,0
104,,468040.451,4313306.517,2427.364,,-105.36891717,38.96814680,2413.345,Global,0.017,0.013,0.013,0.022,2.134,m,FIX,2024-08-05 13:08:01.6 UTC-06:00,2024-08-05 13:08:04.6 UTC-06:00,16,1.9,2.4,468407.270,4313300.281,2430.913,-105.36468267,38.96810392,2416.886,367.168,,NAD83(2011) / UTM zone 13N + NAVD88(GEOID18) height,7,6,5,4,0
105,,468040.634,4313306.692,2427.346,,-105.36891505,38.96814839,2413.327,Global,0.013,0.013,0.014,0.018,2.134,m,FIX,2024-08-05 13:08:32.6 UTC-06:00,2024-08-05 13:08:35.6 UTC-06:00,16,1.7,2.1,468407.270,4313300.281,2430.913,-105.36468267,38.96810392,2416.886,366.965,,NAD83(2011) / UTM zone 13N + NAVD88(GEOID18) height,7,6,5,4,0
106,,468040.696,4313306.888,2427.293,,-105.36891436,38.96815015,2413.273,Global,0.012,0.011,0.015,0.016,2.134,m,FIX,2024-08-05 13:08:51.4 UTC-06:00,2024-08-05 13:08:54.4 UTC-06:00,16,1.7,2.0,468407.270,4313300.281,2430.913,-105.36468267,38.96810392,2416.886,366.914,,NAD83(2011) / UTM zone 13N + NAVD88(GEOID18) height,7,6,4,4,0
107,,468040.812,4313307.057,2427.298,,-105.36891302,38.96815169,2413.279,Global,0.013,0.011,0.019,0.017,2.134,m,FIX,2024-08-05 13:09:56.6 UTC-06:00,2024-08-05 13:09:59.6 UTC-06:00,16,1.7,2.0,468407.270,4313300.281,2430.913,-105.36468267,38.96810392,2416.886,366.794,,NAD83(2011) / UTM zone 13N + NAVD88(GEOID18) height,7,6,4,4,0
108,,468040.912,4313307.230,2427.347,,-105.36891188,38.96815325,2413.328,Global,0.012,0.011,0.017,0.017,2.134,m,FIX,2024-08-05 13:10:14.4 UTC-06:00,2024-08-05 13:10:17.4 UTC-06:00,16,1.7,2.1,468407.270,4313300.281,2430.913,-105.36468267,38.96810392,2416.886,366.694,,NAD83(2011) / UTM zone 13N + NAVD88(GEOID18) height,7,6,5,4,0
109,,468041.191,4313307.338,2427.363,,-105.36890866,38.96815424,2413.344,Global,0.011,0.011,0.012,0.015,2.134,m,FIX,2024-08-05 13:11:00.2 UTC-06:00,2024-08-05 13:11:03.2 UTC-06:00,16,1.7,2.0,468407.270,4313300.281,2430.913,-105.36468267,38.96810392,2416.886,366.438,,NAD83(2011) / UTM zone 13N + NAVD88(GEOID18) height,7,6,5,5,0
110,,468040.983,4313307.651,2427.203,,-105.36891107,38.96815705,2413.183,Global,0.010,0.010,0.015,0.015,2.134,m,FIX,2024-08-05 13:11:42.8 UTC-06:00,2024-08-05 13:11:45.8 UTC-06:00,16,1.7,2.0,468407.270,4313300.281,2430.913,-105.36468267,38.96810392,2416.886,366.646,,NAD83(2011) / UTM zone 13N + NAVD88(GEOID18) height,7,6,4,4,0
111,,468041.119,4313307.864,2427.330,,-105.36890952,38.96815897,2413.310,Global,0.011,0.010,0.014,0.015,2.134,m,FIX,2024-08-05 13:12:15.2 UTC-06:00,2024-08-05 13:12:18.2 UTC-06:00,16,1.7,2.0,468407.270,4313300.281,2430.913,-105.36468267,38.96810392,2416.886,366.519,,NAD83(2011) / UTM zone 13N + NAVD88(GEOID18) height,7,6,4,4,0
112,,468041.160,4313308.150,2427.253,,-105.36890905,38.96816155,2413.233,Global,0.011,0.010,0.012,0.015,2.134,m,FIX,2024-08-05 13:12:26.0 UTC-06:00,2024-08-05 13:12:29.0 UTC-06:00,16,1.7,2.1,468407.270,4313300.281,2430.913,-105.36468267,38.96810392,2416.886,366.477,,NAD83(2011) / UTM zone 13N + NAVD88(GEOID18) height,7,6,4,4,0
113,,468041.266,4313308.180,2428.001,,-105.36890783,38.96816182,2413.982,Global,0.014,0.012,0.014,0.018,2.134,m,FIX,2024-08-05 13:13:26.6 UTC-06:00,2024-08-05 13:13:29.6 UTC-06:00,16,1.8,2.2,468407.270,4313300.281,2430.913,-105.36468267,38.96810392,2416.886,366.382,,NAD83(2011) / UTM zone 13N + NAVD88(GEOID18) height,6,6,4,5,0
114,,468041.429,4313308.366,2428.286,,-105.36890596,38.96816350,2414.267,Global,0.012,0.011,0.014,0.016,2.134,m,FIX,2024-08-05 13:13:55.4 UTC-06:00,2024-08-05 13:13:58.4 UTC-06:00,16,1.8,2.2,468407.270,4313300.281,2430.913,-105.36468267,38.96810392,2416.886,366.201,,NAD83(2011) / UTM zone 13N + NAVD88(GEOID18) height,7,6,4,5,0
115,,468041.475,4313308.556,2428.347,,-105.36890544,38.96816521,2414.327,Global,0.011,0.017,0.029,0.020,2.134,m,FIX,2024-08-05 13:14:15.2 UTC-06:00,2024-08-05 13:14:18.2 UTC-06:00,16,1.7,2.1,468407.270,4313300.281,2430.913,-105.36468267,38.96810392,2416.886,366.181,,NAD83(2011) / UTM zone 13N + NAVD88(GEOID18) height,7,6,4,5,0
116,,468041.548,4313308.823,2428.482,,-105.36890461,38.96816763,2414.463,Global,0.011,0.015,0.018,0.018,2.134,m,FIX,2024-08-05 13:14:27.8 UTC-06:00,2024-08-05 13:14:30.8 UTC-06:00,16,1.7,2.1,468407.270,4313300.281,2430.913,-105.36468267,38.96810392,2416.886,366.092,,NAD83(2011) / UTM zone 13N + NAVD88(GEOID18) height,7,6,4,5,0
117,,468041.617,4313309.012,2428.558,,-105.36890382,38.96816933,2414.539,Global,0.011,0.011,0.012,0.015,2.134,m,FIX,2024-08-05 13:14:40.2 UTC-06:00,2024-08-05 13:14:43.2 UTC-06:00,16,1.7,2.1,468407.270,4313300.281,2430.913,-105.36468267,38.96810392,2416.886,366.033,,NAD83(2011) / UTM zone 13N + NAVD88(GEOID18) height,7,6,4,5,0
118,,468041.695,4313309.291,2428.637,,-105.36890293,38.96817185,2414.618,Global,0.013,0.012,0.017,0.018,2.134,m,FIX,2024-08-05 13:14:48.6 UTC-06:00,2024-08-05 13:14:51.6 UTC-06:00,16,1.9,2.3,468407.270,4313300.281,2430.913,-105.36468267,38.96810392,2416.886,365.956,,NAD83(2011) / UTM zone 13N + NAVD88(GEOID18) height,6,6,4,5,0
119,,468041.896,4313309.554,2428.478,,-105.36890062,38.96817422,2414.458,Global,0.012,0.013,0.011,0.018,2.134,m,FIX,2024-08-05 13:14:59.2 UTC-06:00,2024-08-05 13:15:02.2 UTC-06:00,16,1.7,2.1,468407.270,4313300.281,2430.913,-105.36468267,38.96810392,2416.886,365.760,,NAD83(2011) / UTM zone 13N + NAVD88(GEOID18) height,7,6,4,4,0
120,,468042.039,4313309.751,2428.205,,-105.36889899,38.96817601,2414.186,Global,0.011,0.014,0.012,0.018,2.134,m,FIX,2024-08-05 13:15:40.2 UTC-06:00,2024-08-05 13:15:43.2 UTC-06:00,16,1.7,2.1,468407.270,4313300.281,2430.913,-105.36468267,38.96810392,2416.886,365.638,,NAD83(2011) / UTM zone 13N + NAVD88(GEOID18) height,7,6,4,4,0
121,,468042.162,4313309.904,2428.433,,-105.36889757,38.96817739,2414.413,Global,0.032,0.036,0.012,0.048,2.134,m,FIX,2024-08-05 13:15:49.2 UTC-06:00,2024-08-05 13:15:52.2 UTC-06:00,16,1.7,2.1,468407.270,4313300.281,2430.913,-105.36468267,38.96810392,2416.886,365.538,,NAD83(2011) / UTM zone 13N + NAVD88(GEOID18) height,7,6,4,5,0
122,,468042.174,4313310.177,2428.486,,-105.36889744,38.96817985,2414.467,Global,0.013,0.018,0.013,0.023,2.134,m,FIX,2024-08-05 13:16:00.4 UTC-06:00,2024-08-05 13:16:03.4 UTC-06:00,16,1.7,2.1,468407.270,4313300.281,2430.913,-105.36468267,38.96810392,2416.886,365.506,,NAD83(2011) / UTM zone 13N + NAVD88(GEOID18) height,7,6,4,5,0
123,,468042.334,4313310.418,2428.556,,-105.36889561,38.96818202,2414.537,Global,0.014,0.011,0.012,0.018,2.134,m,FIX,2024-08-05 13:16:11.4 UTC-06:00,2024-08-05 13:16:14.4 UTC-06:00,16,1.9,2.3,468407.270,4313300.281,2430.913,-105.36468267,38.96810392,2416.886,365.353,,NAD83(2011) / UTM zone 13N + NAVD88(GEOID18) height,7,6,4,5,0
124,,468042.406,4313310.594,2429.207,,-105.36889479,38.96818361,2415.188,Global,0.011,0.011,0.012,0.015,2.134,m,FIX,2024-08-05 13:16:46.6 UTC-06:00,2024-08-05 13:16:49.6 UTC-06:00,16,1.7,2.1,468407.270,4313300.281,2430.913,-105.36468267,38.96810392,2416.886,365.292,,NAD83(2011) / UTM zone 13N + NAVD88(GEOID18) height,8,6,4,5,0
125,,468042.523,4313310.849,2429.392,,-105.36889345,38.96818592,2415.373,Global,0.016,0.011,0.018,0.019,2.134,m,FIX,2024-08-05 13:16:56.2 UTC-06:00,2024-08-05 13:16:59.2 UTC-06:00,16,1.9,2.3,468407.270,4313300.281,2430.913,-105.36468267,38.96810392,2416.886,365.164,,NAD83(2011) / UTM zone 13N + NAVD88(GEOID18) height,7,6,4,6,0
126,,468042.602,4313311.044,2429.419,,-105.36889255,38.96818768,2415.399,Global,0.022,0.014,0.016,0.026,2.134,m,FIX,2024-08-05 13:17:06.8 UTC-06:00,2024-08-05 13:17:09.8 UTC-06:00,16,1.7,2.1,468407.270,4313300.281,2430.913,-105.36468267,38.96810392,2416.886,365.123,,NAD83(2011) / UTM zone 13N + NAVD88(GEOID18) height,7,6,4,6,0
127,,468042.698,4313311.286,2429.426,,-105.36889145,38.96818986,2415.407,Global,0.018,0.011,0.013,0.021,2.134,m,FIX,2024-08-05 13:17:15.0 UTC-06:00,2024-08-05 13:17:18.0 UTC-06:00,16,1.8,2.2,468407.270,4313300.281,2430.913,-105.36468267,38.96810392,2416.886,365.002,,NAD83(2011) / UTM zone 13N + NAVD88(GEOID18) height,7,6,4,5,0
128,,468042.804,4313311.568,2429.304,,-105.36889024,38.96819241,2415.284,Global,0.012,0.012,0.017,0.017,2.134,m,FIX,2024-08-05 13:17:24.6 UTC-06:00,2024-08-05 13:17:27.6 UTC-06:00,16,2.0,2.5,468407.270,4313300.281,2430.913,-105.36468267,38.96810392,2416.886,364.925,,NAD83(2011) / UTM zone 13N + NAVD88(GEOID18) height,8,6,4,5,0
129,,468042.895,4313311.835,2429.148,,-105.36888920,38.96819482,2415.129,Global,0.015,0.013,0.021,0.019,2.134,m,FIX,2024-08-05 13:17:44.6 UTC-06:00,2024-08-05 13:17:47.6 UTC-06:00,16,2.0,2.5,468407.270,4313300.281,2430.913,-105.36468267,38.96810392,2416.886,364.832,,NAD83(2011) / UTM zone 13N + NAVD88(GEOID18) height,7,6,4,4,0
130,,468043.049,4313312.191,2428.875,,-105.36888744,38.96819803,2414.855,Global,0.011,0.012,0.021,0.016,2.134,m,FIX,2024-08-05 13:18:09.4 UTC-06:00,2024-08-05 13:18:12.4 UTC-06:00,16,2.0,2.5,468407.270,4313300.281,2430.913,-105.36468267,38.96810392,2416.886,364.690,,NAD83(2011) / UTM zone 13N + NAVD88(GEOID18) height,7,6,4,4,0
131,,468043.204,4313312.515,2428.933,,-105.36888566,38.96820096,2414.914,Global,0.013,0.012,0.019,0.017,2.134,m,FIX,2024-08-05 13:18:22.0 UTC-06:00,2024-08-05 13:18:25.0 UTC-06:00,16,1.8,2.2,468407.270,4313300.281,2430.913,-105.36468267,38.96810392,2416.886,364.540,,NAD83(2011) / UTM zone 13N + NAVD88(GEOID18) height,7,6,4,5,0
132,,468043.245,4313312.729,2429.197,,-105.36888520,38.96820289,2415.178,Global,0.012,0.012,0.020,0.017,2.134,m,FIX,2024-08-05 13:18:39.2 UTC-06:00,2024-08-05 13:18:42.2 UTC-06:00,16,2.0,2.4,468407.270,4313300.281,2430.913,-105.36468267,38.96810392,2416.886,364.518,,NAD83(2011) / UTM zone 13N + NAVD88(GEOID18) height,8,6,4,5,0
133,,468043.340,4313312.986,2429.309,,-105.36888412,38.96820521,2415.289,Global,0.012,0.012,0.022,0.017,2.134,m,FIX,2024-08-05 13:18:50.0 UTC-06:00,2024-08-05 13:18:53.0 UTC-06:00,16,1.9,2.3,468407.270,4313300.281,2430.913,-105.36468267,38.96810392,2416.886,364.433,,NAD83(2011) / UTM zone 13N + NAVD88(GEOID18) height,8,6,4,5,0
134,,468043.418,4313313.260,2429.285,,-105.36888323,38.96820768,2415.266,Global,0.015,0.010,0.019,0.018,2.134,m,FIX,2024-08-05 13:19:13.0 UTC-06:00,2024-08-05 13:19:16.0 UTC-06:00,16,2.0,2.5,468407.270,4313300.281,2430.913,-105.36468267,38.96810392,2416.886,364.350,,NAD83(2011) / UTM zone 13N + NAVD88(GEOID18) height,7,6,4,6,0
135,,468043.149,4313313.296,2429.295,,-105.36888634,38.96820799,2415.276,Global,0.011,0.014,0.030,0.018,2.134,m,FIX,2024-08-05 13:19:45.4 UTC-06:00,2024-08-05 13:19:48.4 UTC-06:00,16,1.8,2.2,468407.270,4313300.281,2430.913,-105.36468267,38.96810392,2416.886,364.630,,NAD83(2011) / UTM zone 13N + NAVD88(GEOID18) height,8,6,4,5,0
136,,468043.527,4313313.542,2429.473,,-105.36888199,38.96821022,2415.453,Global,0.011,0.011,0.019,0.015,2.134,m,FIX,2024-08-05 13:20:21.4 UTC-06:00,2024-08-05 13:20:24.4 UTC-06:00,16,2.0,2.5,468407.270,4313300.281,2430.913,-105.36468267,38.96810392,2416.886,364.260,,NAD83(2011) / UTM zone 13N + NAVD88(GEOID18) height,8,6,4,6,0
137,,468043.608,4313313.223,2429.304,,-105.36888104,38.96820736,2415.284,Global,0.010,0.012,0.017,0.015,2.134,m,FIX,2024-08-05 13:20:43.2 UTC-06:00,2024-08-05 13:20:46.2 UTC-06:00,16,1.8,2.2,468407.270,4313300.281,2430.913,-105.36468267,38.96810392,2416.886,364.174,,NAD83(2011) / UTM zone 13N + NAVD88(GEOID18) height,8,6,4,5,0
138,,468043.275,4313312.903,2429.352,,-105.36888486,38.96820445,2415.332,Global,0.011,0.014,0.022,0.017,2.134,m,FIX,2024-08-05 13:20:58.6 UTC-06:00,2024-08-05 13:21:01.6 UTC-06:00,16,2.4,3.0,468407.270,4313300.281,2430.913,-105.36468267,38.96810392,2416.886,364.487,,NAD83(2011) / UTM zone 13N + NAVD88(GEOID18) height,8,6,4,6,0
139,,468043.434,4313313.290,2429.223,,-105.36888304,38.96820795,2415.204,Global,0.019,0.010,0.019,0.022,2.134,m,FIX,2024-08-05 13:24:06.6 UTC-06:00,2024-08-05 13:24:09.6 UTC-06:00,16,2.0,2.5,468407.270,4313300.281,2430.913,-105.36468267,38.96810392,2416.886,364.356,,NAD83(2011) / UTM zone 13N + NAVD88(GEOID18) height,8,6,4,4,0
140,,468043.408,4313313.257,2429.319,,-105.36888335,38.96820765,2415.299,Global,0.013,0.013,0.021,0.018,2.134,m,FIX,2024-08-05 13:24:30.2 UTC-06:00,2024-08-05 13:24:33.2 UTC-06:00,16,3.0,3.8,468407.270,4313300.281,2430.913,-105.36468267,38.96810392,2416.886,364.368,,NAD83(2011) / UTM zone 13N + NAVD88(GEOID18) height,8,6,4,4,0
141,,468043.413,4313313.257,2429.332,,-105.36888329,38.96820765,2415.312,Global,0.011,0.014,0.026,0.018,2.134,m,FIX,2024-08-05 13:25:15.4 UTC-06:00,2024-08-05 13:25:45.4 UTC-06:00,151,3.0,3.8,468407.270,4313300.281,2430.913,-105.36468267,38.96810392,2416.886,364.365,,NAD83(2011) / UTM zone 13N + NAVD88(GEOID18) height,7,6,4,4,0
142,,468071.441,4313280.561,2426.951,,-105.36855823,38.96791404,2412.930,Global,0.011,0.013,0.011,0.017,2.134,m,FIX,2024-08-05 14:16:12.8 UTC-06:00,2024-08-05 14:16:42.8 UTC-06:00,151,1.4,1.6,468407.270,4313300.281,2430.913,-105.36468267,38.96810392,2416.886,336.673,,NAD83(2011) / UTM zone 13N + NAVD88(GEOID18) height,7,7,6,5,0
143,,468071.445,4313280.560,2426.948,,-105.36855819,38.96791403,2412.927,Global,0.011,0.014,0.010,0.018,2.134,m,FIX,2024-08-05 14:17:22.6 UTC-06:00,2024-08-05 14:17:25.6 UTC-06:00,16,1.4,1.6,468407.270,4313300.281,2430.913,-105.36468267,38.96810392,2416.886,336.670,,NAD83(2011) / UTM zone 13N + NAVD88(GEOID18) height,7,8,6,5,0
144,,468071.166,4313280.625,2426.842,,-105.36856141,38.96791461,2412.821,Global,0.011,0.013,0.010,0.018,2.134,m,FIX,2024-08-05 14:18:17.8 UTC-06:00,2024-08-05 14:18:20.8 UTC-06:00,16,1.4,1.6,468407.270,4313300.281,2430.913,-105.36468267,38.96810392,2416.886,336.948,,NAD83(2011) / UTM zone 13N + NAVD88(GEOID18) height,7,8,6,5,0
145,,468071.461,4313280.853,2426.865,,-105.36855801,38.96791668,2412.845,Global,0.011,0.012,0.010,0.016,2.134,m,FIX,2024-08-05 14:18:55.4 UTC-06:00,2024-08-05 14:18:58.4 UTC-06:00,16,1.4,1.6,468407.270,4313300.281,2430.913,-105.36468267,38.96810392,2416.886,336.625,,NAD83(2011) / UTM zone 13N + NAVD88(GEOID18) height,7,7,5,5,0
146,,468071.896,4313280.406,2426.865,,-105.36855298,38.96791267,2412.844,Global,0.011,0.012,0.010,0.016,2.134,m,FIX,2024-08-05 14:19:30.8 UTC-06:00,2024-08-05 14:19:33.8 UTC-06:00,16,1.2,1.4,468407.270,4313300.281,2430.913,-105.36468267,38.96810392,2416.886,336.229,,NAD83(2011) / UTM zone 13N + NAVD88(GEOID18) height,7,8,5,5,0
147,,468071.405,4313280.196,2426.885,,-105.36855863,38.96791075,2412.865,Global,0.010,0.014,0.010,0.017,2.134,m,FIX,2024-08-05 14:19:44.8 UTC-06:00,2024-08-05 14:19:47.8 UTC-06:00,16,1.3,1.5,468407.270,4313300.281,2430.913,-105.36468267,38.96810392,2416.886,336.730,,NAD83(2011) / UTM zone 13N + NAVD88(GEOID18) height,8,8,5,6,0
148,,468071.486,4313280.538,2426.865,,-105.36855772,38.96791384,2412.844,Global,0.010,0.011,0.010,0.015,2.134,m,FIX,2024-08-05 14:20:00.8 UTC-06:00,2024-08-05 14:20:03.8 UTC-06:00,16,1.3,1.5,468407.270,4313300.281,2430.913,-105.36468267,38.96810392,2416.886,336.625,,NAD83(2011) / UTM zone 13N + NAVD88(GEOID18) height,8,7,5,6,0
149,,468071.436,4313280.564,2426.948,,-105.36855830,38.96791407,2412.927,Global,0.011,0.011,0.010,0.015,2.134,m,FIX,2024-08-05 14:20:12.8 UTC-06:00,2024-08-05 14:20:15.8 UTC-06:00,16,1.2,1.4,468407.270,4313300.281,2430.913,-105.36468267,38.96810392,2416.886,336.675,,NAD83(2011) / UTM zone 13N + NAVD88(GEOID18) height,8,8,5,6,0
150,,468071.544,4313280.780,2426.871,,-105.36855705,38.96791602,2412.850,Global,0.011,0.019,0.010,0.022,2.134,m,FIX,2024-08-05 14:20:45.6 UTC-06:00,2024-08-05 14:20:48.6 UTC-06:00,16,1.3,1.5,468407.270,4313300.281,2430.913,-105.36468267,38.96810392,2416.886,336.551,,NAD83(2011) / UTM zone 13N + NAVD88(GEOID18) height,7,8,5,6,0
151,,468071.599,4313280.967,2426.811,,-105.36855642,38.96791770,2412.790,Global,0.014,0.011,0.010,0.018,2.134,m,FIX,2024-08-05 14:21:02.8 UTC-06:00,2024-08-05 14:21:05.8 UTC-06:00,16,1.3,1.5,468407.270,4313300.281,2430.913,-105.36468267,38.96810392,2416.886,336.499,,NAD83(2011) / UTM zone 13N + NAVD88(GEOID18) height,7,8,5,6,0
152,,468071.652,4313281.140,2426.733,,-105.36855582,38.96791926,2412.713,Global,0.011,0.010,0.010,0.015,2.134,m,FIX,2024-08-05 14:21:12.2 UTC-06:00,2024-08-05 14:21:15.2 UTC-06:00,16,1.3,1.5,468407.270,4313300.281,2430.913,-105.36468267,38.96810392,2416.886,336.424,,NAD83(2011) / UTM zone 13N + NAVD88(GEOID18) height,8,8,5,5,0
153,,468071.724,4313281.335,2426.660,,-105.36855500,38.96792102,2412.639,Global,0.012,0.010,0.010,0.016,2.134,m,FIX,2024-08-05 14:21:20.4 UTC-06:00,2024-08-05 14:21:23.4 UTC-06:00,16,1.3,1.5,468407.270,4313300.281,2430.913,-105.36468267,38.96810392,2416.886,336.348,,NAD83(2011) / UTM zone 13N + NAVD88(GEOID18) height,7,8,5,6,0
154,,468071.766,4313281.522,2426.509,,-105.36855453,38.96792271,2412.489,Global,0.012,0.012,0.010,0.017,2.134,m,FIX,2024-08-05 14:21:32.0 UTC-06:00,2024-08-05 14:21:35.0 UTC-06:00,16,1.3,1.5,468407.270,4313300.281,2430.913,-105.36468267,38.96810392,2416.886,336.297,,NAD83(2011) / UTM zone 13N + NAVD88(GEOID18) height,7,8,5,6,0
155,,468071.787,4313281.724,2426.387,,-105.36855429,38.96792453,2412.367,Global,0.011,0.011,0.010,0.016,2.134,m,FIX,2024-08-05 14:21:42.2 UTC-06:00,2024-08-05 14:21:45.2 UTC-06:00,16,1.3,1.5,468407.270,4313300.281,2430.913,-105.36468267,38.96810392,2416.886,336.262,,NAD83(2011) / UTM zone 13N + NAVD88(GEOID18) height,7,8,5,6,0
156,,468071.840,4313281.922,2426.293,,-105.36855369,38.96792632,2412.273,Global,0.011,0.015,0.011,0.018,2.134,m,FIX,2024-08-05 14:21:54.2 UTC-06:00,2024-08-05 14:21:57.2 UTC-06:00,16,1.2,1.4,468407.270,4313300.281,2430.913,-105.36468267,38.96810392,2416.886,336.196,,NAD83(2011) / UTM zone 13N + NAVD88(GEOID18) height,7,8,5,5,0
157,,468071.846,4313282.096,2426.261,,-105.36855364,38.96792789,2412.241,Global,0.011,0.015,0.010,0.019,2.134,m,FIX,2024-08-05 14:22:13.4 UTC-06:00,2024-08-05 14:22:16.4 UTC-06:00,16,1.2,1.4,468407.270,4313300.281,2430.913,-105.36468267,38.96810392,2416.886,336.191,,NAD83(2011) / UTM zone 13N + NAVD88(GEOID18) height,7,8,5,6,0
158,,468071.921,4313282.289,2426.216,,-105.36855277,38.96792963,2412.196,Global,0.010,0.010,0.011,0.015,2.134,m,FIX,2024-08-05 14:23:33.2 UTC-06:00,2024-08-05 14:23:36.2 UTC-06:00,16,1.5,1.8,468407.270,4313300.281,2430.913,-105.36468267,38.96810392,2416.886,336.101,,NAD83(2011) / UTM zone 13N + NAVD88(GEOID18) height,8,8,5,6,0
159,,468072.008,4313282.503,2425.989,,-105.36855178,38.96793156,2411.968,Global,0.013,0.011,0.010,0.017,2.134,m,FIX,2024-08-05 14:23:43.0 UTC-06:00,2024-08-05 14:23:46.0 UTC-06:00,16,1.5,1.8,468407.270,4313300.281,2430.913,-105.36468267,38.96810392,2416.886,335.986,,NAD83(2011) / UTM zone 13N + NAVD88(GEOID18) height,7,8,5,6,0
160,,468072.100,4313282.676,2425.815,,-105.36855073,38.96793313,2411.794,Global,0.011,0.011,0.010,0.016,2.134,m,FIX,2024-08-05 14:23:59.2 UTC-06:00,2024-08-05 14:24:02.2 UTC-06:00,16,1.5,1.7,468407.270,4313300.281,2430.913,-105.36468267,38.96810392,2416.886,335.895,,NAD83(2011) / UTM zone 13N + NAVD88(GEOID18) height,6,8,5,6,0
161,,468072.214,4313282.912,2425.601,,-105.36854942,38.96793525,2411.580,Global,0.013,0.010,0.011,0.017,2.134,m,FIX,2024-08-05 14:24:18.4 UTC-06:00,2024-08-05 14:24:21.4 UTC-06:00,16,1.5,1.7,468407.270,4313300.281,2430.913,-105.36468267,38.96810392,2416.886,335.767,,NAD83(2011) / UTM zone 13N + NAVD88(GEOID18) height,7,7,5,6,0
162,,468072.251,4313283.282,2425.431,,-105.36854901,38.96793859,2411.411,Global,0.011,0.011,0.010,0.015,2.134,m,FIX,2024-08-05 14:25:10.6 UTC-06:00,2024-08-05 14:25:13.6 UTC-06:00,16,1.5,1.7,468407.270,4313300.281,2430.913,-105.36468267,38.96810392,2416.886,335.729,,NAD83(2011) / UTM zone 13N + NAVD88(GEOID18) height,5,7,5,6,0
163,,468072.309,4313283.458,2425.433,,-105.36854835,38.96794018,2411.413,Global,0.011,0.011,0.011,0.015,2.134,m,FIX,2024-08-05 14:25:21.6 UTC-06:00,2024-08-05 14:25:24.6 UTC-06:00,16,1.5,1.7,468407.270,4313300.281,2430.913,-105.36468267,38.96810392,2416.886,335.662,,NAD83(2011) / UTM zone 13N + NAVD88(GEOID18) height,6,8,5,6,0
164,,468072.348,4313283.624,2425.483,,-105.36854791,38.96794167,2411.462,Global,0.011,0.011,0.011,0.016,2.134,m,FIX,2024-08-05 14:25:33.6 UTC-06:00,2024-08-05 14:25:36.6 UTC-06:00,16,1.5,1.7,468407.270,4313300.281,2430.913,-105.36468267,38.96810392,2416.886,335.607,,NAD83(2011) / UTM zone 13N + NAVD88(GEOID18) height,5,8,5,6,0
165,,468072.423,4313283.800,2425.508,,-105.36854705,38.96794326,2411.488,Global,0.010,0.012,0.011,0.016,2.134,m,FIX,2024-08-05 14:25:42.4 UTC-06:00,2024-08-05 14:25:45.4 UTC-06:00,16,1.4,1.7,468407.270,4313300.281,2430.913,-105.36468267,38.96810392,2416.886,335.530,,NAD83(2011) / UTM zone 13N + NAVD88(GEOID18) height,6,8,5,6,0
166,,468072.468,4313284.031,2425.590,,-105.36854654,38.96794535,2411.569,Global,0.012,0.013,0.011,0.017,2.134,m,FIX,2024-08-05 14:25:54.4 UTC-06:00,2024-08-05 14:25:57.4 UTC-06:00,16,1.4,1.7,468407.270,4313300.281,2430.913,-105.36468267,38.96810392,2416.886,335.463,,NAD83(2011) / UTM zone 13N + NAVD88(GEOID18) height,5,8,5,6,0
167,,468072.470,4313284.233,2425.647,,-105.36854653,38.96794717,2411.626,Global,0.012,0.011,0.011,0.016,2.134,m,FIX,2024-08-05 14:26:07.8 UTC-06:00,2024-08-05 14:26:10.8 UTC-06:00,16,1.4,1.7,468407.270,4313300.281,2430.913,-105.36468267,38.96810392,2416.886,335.448,,NAD83(2011) / UTM zone 13N + NAVD88(GEOID18) height,6,8,5,5,0
168,,468072.470,4313284.454,2425.553,,-105.36854654,38.96794916,2411.533,Global,0.011,0.010,0.011,0.016,2.134,m,FIX,2024-08-05 14:26:19.8 UTC-06:00,2024-08-05 14:26:22.8 UTC-06:00,16,1.3,1.5,468407.270,4313300.281,2430.913,-105.36468267,38.96810392,2416.886,335.436,,NAD83(2011) / UTM zone 13N + NAVD88(GEOID18) height,6,8,5,6,0
169,,468072.522,4313284.523,2425.403,,-105.36854594,38.96794978,2411.382,Global,0.012,0.010,0.011,0.016,2.134,m,FIX,2024-08-05 14:28:47.6 UTC-06:00,2024-08-05 14:28:50.6 UTC-06:00,16,1.3,1.5,468407.270,4313300.281,2430.913,-105.36468267,38.96810392,2416.886,335.400,,NAD83(2011) / UTM zone 13N + NAVD88(GEOID18) height,5,8,5,5,0
170,,468072.600,4313284.660,2424.697,,-105.36854504,38.96795102,2410.676,Global,0.014,0.011,0.010,0.017,2.134,m,FIX,2024-08-05 14:29:54.6 UTC-06:00,2024-08-05 14:29:57.6 UTC-06:00,16,1.3,1.5,468407.270,4313300.281,2430.913,-105.36468267,38.96810392,2416.886,335.319,,NAD83(2011) / UTM zone 13N + NAVD88(GEOID18) height,6,8,5,5,0
171,,468072.697,4313285.006,2424.789,,-105.36854394,38.96795414,2410.769,Global,0.014,0.019,0.012,0.024,2.134,m,FIX,2024-08-05 14:30:24.4 UTC-06:00,2024-08-05 14:30:27.4 UTC-06:00,16,1.3,1.5,468407.270,4313300.281,2430.913,-105.36468267,38.96810392,2416.886,335.214,,NAD83(2011) / UTM zone 13N + NAVD88(GEOID18) height,5,7,5,6,0
172,,468072.806,4313285.405,2424.764,,-105.36854270,38.96795774,2410.744,Global,0.014,0.020,0.011,0.024,2.134,m,FIX,2024-08-05 14:30:52.6 UTC-06:00,2024-08-05 14:30:55.6 UTC-06:00,16,1.3,1.5,468407.270,4313300.281,2430.913,-105.36468267,38.96810392,2416.886,335.080,,NAD83(2011) / UTM zone 13N + NAVD88(GEOID18) height,5,7,5,5,0
173,,468072.873,4313285.580,2424.748,,-105.36854194,38.96795932,2410.728,Global,0.018,0.019,0.012,0.026,2.134,m,FIX,2024-08-05 14:31:32.8 UTC-06:00,2024-08-05 14:31:35.8 UTC-06:00,16,1.3,1.5,468407.270,4313300.281,2430.913,-105.36468267,38.96810392,2416.886,334.982,,NAD83(2011) / UTM zone 13N + NAVD88(GEOID18) height,7,8,5,6,0
174,,468072.911,4313285.972,2424.668,,-105.36854152,38.96796286,2410.648,Global,0.014,0.013,0.011,0.019,2.134,m,FIX,2024-08-05 14:32:03.8 UTC-06:00,2024-08-05 14:32:06.8 UTC-06:00,16,1.3,1.5,468407.270,4313300.281,2430.913,-105.36468267,38.96810392,2416.886,334.931,,NAD83(2011) / UTM zone 13N + NAVD88(GEOID18) height,6,7,5,6,0
175,,468072.963,4313286.263,2424.733,,-105.36854093,38.96796548,2410.712,Global,0.012,0.015,0.011,0.020,2.134,m,FIX,2024-08-05 14:32:33.8 UTC-06:00,2024-08-05 14:32:36.8 UTC-06:00,16,1.3,1.5,468407.270,4313300.281,2430.913,-105.36468267,38.96810392,2416.886,334.884,,NAD83(2011) / UTM zone 13N + NAVD88(GEOID18) height,5,7,5,6,0
176,,468073.151,4313286.686,2424.640,,-105.36853878,38.96796930,2410.619,Global,0.016,0.011,0.011,0.019,2.134,m,FIX,2024-08-05 14:32:50.8 UTC-06:00,2024-08-05 14:32:53.8 UTC-06:00,16,1.3,1.5,468407.270,4313300.281,2430.913,-105.36468267,38.96810392,2416.886,334.683,,NAD83(2011) / UTM zone 13N + NAVD88(GEOID18) height,5,8,5,5,0
177,,468073.028,4313286.924,2424.751,,-105.36854021,38.96797144,2410.730,Global,0.017,0.017,0.010,0.024,2.134,m,FIX,2024-08-05 14:33:16.2 UTC-06:00,2024-08-05 14:33:19.2 UTC-06:00,16,1.3,1.5,468407.270,4313300.281,2430.913,-105.36468267,38.96810392,2416.886,334.782,,NAD83(2011) / UTM zone 13N + NAVD88(GEOID18) height,5,8,5,5,0
178,,468073.146,4313287.135,2424.857,,-105.36853886,38.96797334,2410.837,Global,0.015,0.013,0.010,0.020,2.134,m,FIX,2024-08-05 14:33:36.0 UTC-06:00,2024-08-05 14:33:39.0 UTC-06:00,16,1.3,1.5,468407.270,4313300.281,2430.913,-105.36468267,38.96810392,2416.886,334.670,,NAD83(2011) / UTM zone 13N + NAVD88(GEOID18) height,5,8,5,4,0
179,,468073.159,4313287.322,2424.706,,-105.36853872,38.96797503,2410.686,Global,0.013,0.011,0.011,0.018,2.134,m,FIX,2024-08-05 14:33:58.8 UTC-06:00,2024-08-05 14:34:01.8 UTC-06:00,16,1.3,1.5,468407.270,4313300.281,2430.913,-105.36468267,38.96810392,2416.886,334.626,,NAD83(2011) / UTM zone 13N + NAVD88(GEOID18) height,5,8,5,5,0
180,,468073.167,4313287.484,2424.702,,-105.36853864,38.96797649,2410.682,Global,0.013,0.011,0.010,0.017,2.134,m,FIX,2024-08-05 14:34:13.4 UTC-06:00,2024-08-05 14:34:16.4 UTC-06:00,16,1.3,1.5,468407.270,4313300.281,2430.913,-105.36468267,38.96810392,2416.886,334.633,,NAD83(2011) / UTM zone 13N + NAVD88(GEOID18) height,5,8,5,6,0
181,,468073.238,4313287.712,2424.734,,-105.36853782,38.96797855,2410.714,Global,0.014,0.011,0.011,0.018,2.134,m,FIX,2024-08-05 14:34:27.8 UTC-06:00,2024-08-05 14:34:30.8 UTC-06:00,16,1.4,1.7,468407.270,4313300.281,2430.913,-105.36468267,38.96810392,2416.886,334.541,,NAD83(2011) / UTM zone 13N + NAVD88(GEOID18) height,5,8,5,6,0
182,,468073.298,4313287.913,2424.810,,-105.36853714,38.96798036,2410.790,Global,0.011,0.015,0.010,0.019,2.134,m,FIX,2024-08-05 14:34:39.4 UTC-06:00,2024-08-05 14:34:42.4 UTC-06:00,16,1.3,1.5,468407.270,4313300.281,2430.913,-105.36468267,38.96810392,2416.886,334.482,,NAD83(2011) / UTM zone 13N + NAVD88(GEOID18) height,5,7,5,5,0
183,,468073.346,4313288.121,2424.817,,-105.36853660,38.96798224,2410.796,Global,0.011,0.011,0.011,0.016,2.134,m,FIX,2024-08-05 14:34:52.8 UTC-06:00,2024-08-05 14:34:55.8 UTC-06:00,16,1.4,1.7,468407.270,4313300.281,2430.913,-105.36468267,38.96810392,2416.886,334.428,,NAD83(2011) / UTM zone 13N + NAVD88(GEOID18) height,6,8,5,5,0
184,,468073.368,4313288.274,2424.846,,-105.36853635,38.96798362,2410.825,Global,0.011,0.011,0.010,0.016,2.134,m,FIX,2024-08-05 14:35:34.0 UTC-06:00,2024-08-05 14:35:37.0 UTC-06:00,16,1.3,1.5,468407.270,4313300.281,2430.913,-105.36468267,38.96810392,2416.886,334.397,,NAD83(2011) / UTM zone 13N + NAVD88(GEOID18) height,5,7,5,5,0
185,,468073.471,4313288.480,2424.887,,-105.36853518,38.96798547,2410.866,Global,0.014,0.011,0.011,0.017,2.134,m,FIX,2024-08-05 14:35:56.0 UTC-06:00,2024-08-05 14:35:59.0 UTC-06:00,16,1.3,1.5,468407.270,4313300.281,2430.913,-105.36468267,38.96810392,2416.886,334.282,,NAD83(2011) / UTM zone 13N + NAVD88(GEOID18) height,5,7,5,6,0
186,,468073.562,4313288.731,2424.860,,-105.36853413,38.96798774,2410.839,Global,0.011,0.011,0.011,0.015,2.134,m,FIX,2024-08-05 14:36:04.6 UTC-06:00,2024-08-05 14:36:07.6 UTC-06:00,16,1.3,1.5,468407.270,4313300.281,2430.913,-105.36468267,38.96810392,2416.886,334.183,,NAD83(2011) / UTM zone 13N + NAVD88(GEOID18) height,5,8,5,5,0
187,,468073.593,4313288.927,2424.824,,-105.36853378,38.96798951,2410.803,Global,0.011,0.015,0.011,0.019,2.134,m,FIX,2024-08-05 14:36:14.4 UTC-06:00,2024-08-05 14:36:17.4 UTC-06:00,16,1.5,1.7,468407.270,4313300.281,2430.913,-105.36468267,38.96810392,2416.886,334.151,,NAD83(2011) / UTM zone 13N + NAVD88(GEOID18) height,5,8,5,6,0
188,,468073.590,4313289.092,2424.828,,-105.36853382,38.96799099,2410.808,Global,0.012,0.011,0.010,0.016,2.134,m,FIX,2024-08-05 14:36:22.2 UTC-06:00,2024-08-05 14:36:25.2 UTC-06:00,16,1.3,1.5,468407.270,4313300.281,2430.913,-105.36468267,38.96810392,2416.886,334.151,,NAD83(2011) / UTM zone 13N + NAVD88(GEOID18) height,6,7,5,6,0
189,,468073.625,4313289.325,2424.773,,-105.36853343,38.96799310,2410.752,Global,0.011,0.010,0.011,0.016,2.134,m,FIX,2024-08-05 14:36:39.8 UTC-06:00,2024-08-05 14:36:42.8 UTC-06:00,16,1.4,1.7,468407.270,4313300.281,2430.913,-105.36468267,38.96810392,2416.886,334.102,,NAD83(2011) / UTM zone 13N + NAVD88(GEOID18) height,6,7,5,5,0
190,,468073.753,4313289.553,2424.821,,-105.36853197,38.96799516,2410.800,Global,0.011,0.012,0.010,0.016,2.134,m,FIX,2024-08-05 14:37:15.2 UTC-06:00,2024-08-05 14:37:18.2 UTC-06:00,16,1.5,1.7,468407.270,4313300.281,2430.913,-105.36468267,38.96810392,2416.886,333.970,,NAD83(2011) / UTM zone 13N + NAVD88(GEOID18) height,6,8,5,6,0
191,,468073.705,4313289.699,2424.828,,-105.36853253,38.96799647,2410.808,Global,0.015,0.011,0.011,0.018,2.134,m,FIX,2024-08-05 14:37:43.2 UTC-06:00,2024-08-05 14:37:46.2 UTC-06:00,16,1.5,1.7,468407.270,4313300.281,2430.913,-105.36468267,38.96810392,2416.886,334.024,,NAD83(2011) / UTM zone 13N + NAVD88(GEOID18) height,6,8,5,5,0
192,,468073.743,4313289.909,2424.850,,-105.36853210,38.96799836,2410.830,Global,0.011,0.012,0.011,0.016,2.134,m,FIX,2024-08-05 14:37:52.6 UTC-06:00,2024-08-05 14:37:55.6 UTC-06:00,16,1.4,1.7,468407.270,4313300.281,2430.913,-105.36468267,38.96810392,2416.886,333.960,,NAD83(2011) / UTM zone 13N + NAVD88(GEOID18) height,5,7,5,5,0
193,,468073.776,4313290.103,2424.806,,-105.36853173,38.96800011,2410.786,Global,0.013,0.012,0.011,0.018,2.134,m,FIX,2024-08-05 14:38:13.2 UTC-06:00,2024-08-05 14:38:16.2 UTC-06:00,16,1.5,1.8,468407.270,4313300.281,2430.913,-105.36468267,38.96810392,2416.886,333.927,,NAD83(2011) / UTM zone 13N + NAVD88(GEOID18) height,6,8,5,5,0
194,,468073.815,4313290.329,2424.767,,-105.36853128,38.96800215,2410.746,Global,0.011,0.012,0.010,0.016,2.134,m,FIX,2024-08-05 14:38:23.0 UTC-06:00,2024-08-05 14:38:26.0 UTC-06:00,16,1.5,1.8,468407.270,4313300.281,2430.913,-105.36468267,38.96810392,2416.886,333.884,,NAD83(2011) / UTM zone 13N + NAVD88(GEOID18) height,6,8,6,5,0
195,,468073.826,4313290.482,2424.766,,-105.36853117,38.96800352,2410.746,Global,0.013,0.013,0.012,0.018,2.134,m,FIX,2024-08-05 14:38:40.0 UTC-06:00,2024-08-05 14:38:43.0 UTC-06:00,16,1.4,1.6,468407.270,4313300.281,2430.913,-105.36468267,38.96810392,2416.886,333.878,,NAD83(2011) / UTM zone 13N + NAVD88(GEOID18) height,6,7,6,5,0
196,,468073.951,4313290.609,2424.770,,-105.36852973,38.96800468,2410.749,Global,0.011,0.012,0.010,0.017,2.134,m,FIX,2024-08-05 14:38:56.0 UTC-06:00,2024-08-05 14:38:59.0 UTC-06:00,16,1.5,1.8,468407.270,4313300.281,2430.913,-105.36468267,38.96810392,2416.886,333.735,,NAD83(2011) / UTM zone 13N + NAVD88(GEOID18) height,6,7,6,5,0
197,,468074.032,4313290.805,2424.711,,-105.36852880,38.96800645,2410.690,Global,0.017,0.013,0.011,0.022,2.134,m,FIX,2024-08-05 14:39:06.0 UTC-06:00,2024-08-05 14:39:09.0 UTC-06:00,16,1.5,1.8,468407.270,4313300.281,2430.913,-105.36468267,38.96810392,2416.886,333.663,,NAD83(2011) / UTM zone 13N + NAVD88(GEOID18) height,6,7,6,5,0
198,,468074.124,4313291.025,2424.690,,-105.36852775,38.96800844,2410.670,Global,0.014,0.013,0.011,0.019,2.134,m,FIX,2024-08-05 14:39:18.8 UTC-06:00,2024-08-05 14:39:21.8 UTC-06:00,16,1.5,1.8,468407.270,4313300.281,2430.913,-105.36468267,38.96810392,2416.886,333.556,,NAD83(2011) / UTM zone 13N + NAVD88(GEOID18) height,6,7,6,5,0
199,,468074.115,4313291.206,2424.713,,-105.36852786,38.96801006,2410.693,Global,0.013,0.013,0.010,0.019,2.134,m,FIX,2024-08-05 14:39:31.2 UTC-06:00,2024-08-05 14:39:34.2 UTC-06:00,16,1.5,1.8,468407.270,4313300.281,2430.913,-105.36468267,38.96810392,2416.886,333.561,,NAD83(2011) / UTM zone 13N + NAVD88(GEOID18) height,6,7,6,5,0
200,,468074.239,4313291.384,2424.648,,-105.36852644,38.96801167,2410.627,Global,0.017,0.011,0.011,0.021,2.134,m,FIX,2024-08-05 14:40:03.4 UTC-06:00,2024-08-05 14:40:06.4 UTC-06:00,16,1.5,1.7,468407.270,4313300.281,2430.913,-105.36468267,38.96810392,2416.886,333.426,,NAD83(2011) / UTM zone 13N + NAVD88(GEOID18) height,6,7,5,5,0
201,,468074.211,4313291.587,2424.630,,-105.36852677,38.96801350,2410.609,Global,0.011,0.011,0.010,0.016,2.134,m,FIX,2024-08-05 14:40:15.0 UTC-06:00,2024-08-05 14:40:18.0 UTC-06:00,16,1.5,1.8,468407.270,4313300.281,2430.913,-105.36468267,38.96810392,2416.886,333.451,,NAD83(2011) / UTM zone 13N + NAVD88(GEOID18) height,6,7,6,5,0
202,,468074.283,4313291.740,2424.627,,-105.36852594,38.96801488,2410.606,Global,0.012,0.014,0.011,0.019,2.134,m,FIX,2024-08-05 14:40:57.4 UTC-06:00,2024-08-05 14:41:00.4 UTC-06:00,16,1.5,1.7,468407.270,4313300.281,2430.913,-105.36468267,38.96810392,2416.886,333.382,,NAD83(2011) / UTM zone 13N + NAVD88(GEOID18) height,6,8,6,4,0
203,,468074.221,4313291.964,2424.643,,-105.36852668,38.96801689,2410.623,Global,0.012,0.015,0.011,0.019,2.134,m,FIX,2024-08-05 14:41:15.6 UTC-06:00,2024-08-05 14:41:18.6 UTC-06:00,16,1.5,1.7,468407.270,4313300.281,2430.913,-105.36468267,38.96810392,2416.886,333.439,,NAD83(2011) / UTM zone 13N + NAVD88(GEOID18) height,6,8,6,4,0
204,,468074.264,4313292.205,2424.570,,-105.36852619,38.96801907,2410.549,Global,0.011,0.012,0.011,0.016,2.134,m,FIX,2024-08-05 14:41:32.8 UTC-06:00,2024-08-05 14:41:35.8 UTC-06:00,16,1.5,1.7,468407.270,4313300.281,2430.913,-105.36468267,38.96810392,2416.886,333.386,,NAD83(2011) / UTM zone 13N + NAVD88(GEOID18) height,6,8,6,4,0
205,,468074.276,4313292.391,2424.570,,-105.36852607,38.96802075,2410.550,Global,0.011,0.011,0.011,0.015,2.134,m,FIX,2024-08-05 14:41:42.8 UTC-06:00,2024-08-05 14:41:45.8 UTC-06:00,16,1.5,1.7,468407.270,4313300.281,2430.913,-105.36468267,38.96810392,2416.886,333.370,,NAD83(2011) / UTM zone 13N + NAVD88(GEOID18) height,6,8,6,5,0
206,,468074.400,4313292.556,2424.690,,-105.36852464,38.96802224,2410.669,Global,0.011,0.016,0.011,0.019,2.134,m,FIX,2024-08-05 14:42:11.4 UTC-06:00,2024-08-05 14:42:14.4 UTC-06:00,16,1.6,1.9,468407.270,4313300.281,2430.913,-105.36468267,38.96810392,2416.886,333.238,,NAD83(2011) / UTM zone 13N + NAVD88(GEOID18) height,6,7,6,4,0
207,,468074.500,4313292.755,2424.781,,-105.36852349,38.96802403,2410.761,Global,0.022,0.011,0.010,0.025,2.134,m,FIX,2024-08-05 14:42:28.0 UTC-06:00,2024-08-05 14:42:31.0 UTC-06:00,16,1.5,1.8,468407.270,4313300.281,2430.913,-105.36468267,38.96810392,2416.886,333.152,,NAD83(2011) / UTM zone 13N + NAVD88(GEOID18) height,6,7,6,4,0
208,,468074.534,4313292.948,2424.796,,-105.36852311,38.96802578,2410.775,Global,0.011,0.013,0.011,0.017,2.134,m,FIX,2024-08-05 14:42:41.2 UTC-06:00,2024-08-05 14:42:44.2 UTC-06:00,16,1.5,1.8,468407.270,4313300.281,2430.913,-105.36468267,38.96810392,2416.886,333.092,,NAD83(2011) / UTM zone 13N + NAVD88(GEOID18) height,6,8,6,4,0
209,,468074.596,4313293.143,2424.732,,-105.36852240,38.96802753,2410.712,Global,0.017,0.013,0.013,0.022,2.134,m,FIX,2024-08-05 14:43:07.8 UTC-06:00,2024-08-05 14:43:10.8 UTC-06:00,16,1.7,2.0,468407.270,4313300.281,2430.913,-105.36468267,38.96810392,2416.886,333.064,,NAD83(2011) / UTM zone 13N + NAVD88(GEOID18) height,6,8,6,4,0
210,,468074.641,4313293.426,2425.356,,-105.36852190,38.96803009,2411.336,Global,0.011,0.011,0.011,0.015,2.134,m,FIX,2024-08-05 14:43:35.2 UTC-06:00,2024-08-05 14:43:38.2 UTC-06:00,16,1.7,2.0,468407.270,4313300.281,2430.913,-105.36468267,38.96810392,2416.886,332.969,,NAD83(2011) / UTM zone 13N + NAVD88(GEOID18) height,6,7,6,4,0
