country,state,reference,watershed,latitude,longitude,pond_area_m2,sed_vol_m3
USA,CO,Rees et al. 2024,Coal Creek,38.8587172,-107.0958689,177.6,36.92022
USA,CO,Rees et al. 2024,Coal Creek,38.8576345,-107.0942749,1446.2,508.1732
USA,CO,Rees et al. 2024,Coal Creek,38.85756248,-107.0936783,292.37,335.056
USA,CO,Rees et al. 2024,Coal Creek,38.85509055,-107.0915314,191.1,35.76328
USA,CO,Rees et al. 2024,Coal Creek,38.85410507,-107.0891212,228.32,35.40673
USA,CO,Rees et al. 2024,Coal Creek,38.8539305,-107.0875053,1068.87,360.2092
USA,CO,Rees et al. 2024,Coal Creek,38.86178266,-107.0407497,1149.6,445.0232
USA,CO,Rees et al. 2024,Coal Creek,38.85994412,-107.0475742,370.4,40.57572
USA,CO,Rees et al. 2024,Coal Creek,38.86125263,-107.0466415,593.6,104.7182
USA,CO,Rees et al. 2024,Trout Creek,39.08387,-105.096,718.6,86.853
USA,CO,Rees et al. 2024,Trout Creek,39.08673,-105.096,1698,414.7554
USA,CO,Rees et al. 2024,Trout Creek,39.08361,-105.097,143.34,28.9685
USA,CO,Rees et al. 2024,Trout Creek,39.09568,-105.096,534.12,139.8861
USA,CO,Rees et al. 2024,Trout Creek,39.09628,-105.096,1650,646.962
USA,CO,Rees et al. 2024,Trout Creek,39.09656,-105.096,352.5,107.7525
USA,CO,Rees et al. 2024,Trout Creek,39.09693,-105.096,842.8,195.354
USA,CO,Rees et al. 2024,Trout Creek,39.09722,-105.096,918.04,318.268
USA,CO,Rees et al. 2024,Trout Creek,39.09817,-105.097,3167.84,1151.258
USA,CO,Rees et al. 2024,Trout Creek,39.09827,-105.097,270.8,63.69269
USA,CO,Rees et al. 2024,Trout Creek,39.0989,-105.097,2975.6,856.8538
USA,CO,Rees et al. 2024,Trout Creek,39.10017,-105.097,699.52,179.7608
USA,CO,Rees et al. 2024,Trout Creek,39.1026,-105.096,352.96,149.592
USA,CO,Rees et al. 2024,Trout Creek,39.10272,-105.096,324,133.872
USA,CO,Rees et al. 2024,Trout Creek,39.10863,-105.096,1420.64,270.1257
USA,CO,Rees et al. 2024,Trout Creek,39.10951,-105.096,911.8,196.1282
USA,CO,Rees et al. 2024,Trout Creek,39.1129,-105.097,506.34,111.6863
USA,CO,Rees et al. 2024,Trout Creek,39.13734,-105.107,711.6,256.9671
USA,CO,Rees et al. 2024,Trout Creek,39.13833,-105.107,2523.6,1337.13
USA,CO,Rees et al. 2024,Trout Creek,39.13888,-105.107,1334.4,654.324
USA,CO,Rees et al. 2024,Trout Creek,39.14204,-105.107,350,141.17
USA,CO,Rees et al. 2024,Trout Creek,39.14506,-105.108,360,159.244
USA,CO,Rees et al. 2024,Trout Creek,39.14543,-105.108,312.8,75.17
USA,CO,Rees et al. 2024,Trout Creek,39.14573,-105.108,328,109.126
USA,CO,Rees et al. 2024,Trout Creek,39.14626,-105.109,1566.5,826.192
USA,CO,Rees et al. 2024,Trout Creek,39.14692,-105.11,1277.8,351.6278
USA,CO,Rees et al. 2024,Trout Creek,39.14707,-105.11,4874.22,2427.665
USA,CO,Rees et al. 2024,Trout Creek,39.14845,-105.111,1659.52,828.5528
USA,CO,Rees et al. 2024,Trout Creek,39.14848,-105.111,1168.8,590.28
USA,CO,Rees et al. 2024,Trout Creek,39.14993,-105.113,1278.28,695.055
USA,CO,Rees et al. 2024,Trout Creek,39.15396,-105.115,372,131.896
USA,CO,Rees et al. 2024,Trout Creek,39.09837,-105.097,190.04,55.86609
USA,CO,Rees et al. 2024,Trout Creek,39.09892,-105.097,114,39.62718
USA,CO,Rees et al. 2024,Trout Creek,39.14639,-105.109,341.48,73.94522
USA,CO,Rees et al. 2024,Trout Creek,39.14647,-105.109,282.1,63.6858
USA,CO,Rees et al. 2024,Trout Creek,39.14694,-105.11,130,39.63343
USA,Montana,Butler and Malanson 1995,Otatsu Creek ,48.90562,-113.61196,1500,1290
USA,Montana,Butler and Malanson 1995,Otatsu Creek,48.90562,-113.61196,1000,345
USA,Montana,Butler and Malanson 1995,Middle Fork Flathead River,48.36622,-113.651938,140,30.8
USA,Montana,Butler and Malanson 1995,Middle Fork Flathead River,48.36622,-113.651938,120,26.2
USA,Montana,Butler and Malanson 1995,Middle Fork Flathead River,48.36622,-113.651938,50,11.4
USA,Montana,Butler and Malanson 1995,Two Medicine Lake,48.47797,-113.37481,8200,5084
USA,Montana,Butler and Malanson 1995,Two Medicine Lake,48.47797,-113.37481,450,292.5
USA,Montana,Butler and Malanson 1995,Lower Two Medicine Lake,48.50891,-113.31812,1710,478.8
USA,Utah,Murray et al. 2021,Spawn Creek,41.839167,-111.558889,238,72
USA,Utah,Murray et al. 2021,Temple Fork River,41.811667,-111.564667,292,193
USA,Utah,Murray et al. 2021,Little Bear Creek,41.8775,-111.555556,538,248
USA,CO,Dunn et al. 2024,Bear Creek,41.0605,-106.134,216,235
USA,CO,Dunn et al. 2024,Bear Creek,41.0604,-106.134,322,340
USA,CO,Dunn et al. 2024,Bear Creek,41.0604,-106.134,685,640
USA,CO,Dunn et al. 2024,Cow Creek,40.4332,-105.494,240,130
USA,CO,Dunn et al. 2024,Cub Lake,40.3502,-105.621,1715,915
USA,CO,Dunn et al. 2024,Fall River,40.4012,-105.61,5661,3665
USA,CO,Dunn et al. 2024,Glacier Creek,40.3186,-105.62,737,360
USA,CO,Dunn et al. 2024,Little Beaver Creek,40.6386,-105.612,315,445
USA,CO,Dunn et al. 2024,Little Beaver Creek,40.6384,-105.612,332,660
USA,CO,Dunn et al. 2024,Little Beaver Creek,40.638,-105.611,NA,NA
USA,CO,Dunn et al. 2024,Little Beaver Creek,40.6378,-105.61,1199,1550
USA,CO,Dunn et al. 2024,Laramie River,40.6619,-105.859,1095,270
USA,CO,Dunn et al. 2024,Laramie River,40.6806,-105.855,822,415
USA,CO,Dunn et al. 2024,Laramie River,40.6698,-105.856,2372,1620
USA,CO,Dunn et al. 2024,Laramie River,40.6702,-105.857,790,495
USA,CO,Dunn et al. 2024,Laramie River,40.6706,-105.856,405,240
USA,CO,Dunn et al. 2024,Laramie River,40.6716,-105.856,863,615
USA,CO,Dunn et al. 2024,Laramie River,40.6719,-105.855,1370,750
USA,CO,Dunn et al. 2024,Laramie River,40.6726,-105.855,1547,755
USA,CO,Dunn et al. 2024,Laramie River,40.6802,-105.854,3099,2355
USA,CO,Dunn et al. 2024,Big Thompson,40.3533,-105.585,860,420
USA,CO,Dunn et al. 2024,Old Flowers Road,40.6383,-105.562,140,140
USA,CO,Dunn et al. 2024,Old Flowers Road,40.6382,-105.562,236,310
USA,CO,Dunn et al. 2024,Poudre River,40.7047,-105.758,6361,4890
USA,CO,Dunn et al. 2024,Roaring Creek,40.7294,-105.75,645,565
USA,CO,Dunn et al. 2024,Roaring Creek,40.7293,-105.75,66,25
USA,CO,Dunn et al. 2024,Swamp Creek,40.7402,-105.627,803,1420
USA,CO,Dunn et al. 2024,Swamp Creek,40.7401,-105.626,1462,1445
USA,CO,Dunn et al. 2024,Swamp Creek,40.7408,-105.625,926,1320
USA,CO,Dunn et al. 2024,Swamp Creek,40.7437,-105.624,425,485
USA,CO,Dunn et al. 2024,Swamp Creek,40.7438,-105.623,631,765
USA,CO,Dunn et al. 2024,North St. Vrain Creek,40.2112,-105.548,2482,915
UK,,Puttock et al. 2018,River Tamar Tributary,50.71461,-4.363588,47.23,9.01
UK,,Puttock et al. 2018,River Tamar Tributary,50.71461,-4.363588,181.65,30.68
UK,,Puttock et al. 2018,River Tamar Tributary,50.71461,-4.363588,158.91,20.18
UK,,Puttock et al. 2018,River Tamar Tributary,50.71461,-4.363588,150.71,20.78
UK,,Puttock et al. 2018,River Tamar Tributary,50.71461,-4.363588,169.47,33.8
UK,,Puttock et al. 2018,River Tamar Tributary,50.71461,-4.363588,119.52,27.29
UK,,Puttock et al. 2018,River Tamar Tributary,50.71461,-4.363588,198.26,52.85
UK,,Puttock et al. 2018,River Tamar Tributary,50.71461,-4.363588,116.17,49.06
UK,,Puttock et al. 2018,River Tamar Tributary,50.71461,-4.363588,30.42,15.62
UK,,Puttock et al. 2018,River Tamar Tributary,50.71461,-4.363588,40.12,22.6
UK,,Puttock et al. 2018,River Tamar Tributary,50.71461,-4.363588,207.72,59.51
UK,,Puttock et al. 2018,River Tamar Tributary,50.71461,-4.363588,110.76,33.15
UK,,Puttock et al. 2018,River Tamar Tributary,50.71461,-4.363588,60.5,7.33
Germany,,John and Klein 2003,Jossagraben,50.255555,9.491907,2555,516
Germany,,John and Klein 2003,Jossagraben,50.255635,9.492336,745,243
Germany,,John and Klein 2003,Jossagraben,50.255926,9.493497,428,147
USA,OR,Pollock et al. 2007,Bridge Creek,44.73620388,-120.3071651,NA,521
USA,OR,Pollock et al. 2007,Bridge Creek,44.73620388,-120.3071651,NA,444
USA,OR,Pollock et al. 2007,Bridge Creek,44.73620388,-120.3071651,NA,172
USA,OR,Pollock et al. 2007,Bridge Creek,44.73620388,-120.3071651,NA,104
USA,OR,Pollock et al. 2007,Bridge Creek,44.73620388,-120.3071651,NA,58
USA,OR,Pollock et al. 2007,Bridge Creek,44.73620388,-120.3071651,NA,84
USA,OR,Pollock et al. 2007,Bridge Creek,44.73620388,-120.3071651,NA,42
USA,OR,Pollock et al. 2007,Bridge Creek,44.73620388,-120.3071651,NA,1715
USA,OR,Pollock et al. 2007,Bridge Creek,44.73620388,-120.3071651,NA,1325
USA,OR,Pollock et al. 2007,Bridge Creek,44.73620388,-120.3071651,NA,800
USA,OR,Pollock et al. 2007,Bridge Creek,44.73620388,-120.3071651,NA,1260
USA,OR,Pollock et al. 2007,Bridge Creek,44.73620388,-120.3071651,NA,384
Poland,,Giriat et al. 2016,Wisloka River,49.453156,21.37198,NA,NA
USA,MT,Levine and Meyer 2014,Odell Creek,44.60107,-111.80095,NA,51
USA,MT,Levine and Meyer 2014,Odell Creek,44.60107,-111.80095,NA,48
USA,MT,Levine and Meyer 2014,Odell Creek,44.59085,-111.78509,NA,182
USA,MT,Levine and Meyer 2014,Odell Creek,44.59085,-111.78509,NA,88
USA,MT,Meentemeyer and Butler 1999,Two Medicine,48.47813,-113.37303,94,25.7
USA,MT,Meentemeyer and Butler 1999,Cut Bank,48.59375,-113.40178,588,265
USA,MT,Meentemeyer and Butler 1999,St. Mary,48.73441,-113.44191,NA,NA
USA,MT,Meentemeyer and Butler 1999,St. Mary,48.71832,-113.45476,NA,NA
USA,MT,Meentemeyer and Butler 1999,Grinnell,48.76649,-113.71227,181,57.3
USA,MT,Meentemeyer and Butler 1999,Swiftcurrent,48.79437,-113.7133,690,266.9
USA,MT,Meentemeyer and Butler 1999,Swiftcurrent,48.79437,-113.7133,180,77.3
USA,MT,Meentemeyer and Butler 1999,Otatso,48.90915,-113.59277,80,22.2
USA,MT,Meentemeyer and Butler 1999,Otatso,48.90915,-113.59277,38,9.4
USA,MT,Meentemeyer and Butler 1999,Otatso,48.90915,-113.59277,422,164.6
Belgium,,Visscher et al. 2014,Ourthe Oreintale sub-basin,50.186843,5.716587,9.9928,0.48372147
Belgium,,Visscher et al. 2014,Ourthe Oreintale sub-basin,50.186843,5.716587,22.3616,1.40444265
Belgium,,Visscher et al. 2014,Ourthe Oreintale sub-basin,50.186843,5.716587,28.6008,0.990159696
Belgium,,Visscher et al. 2014,Ourthe Oreintale sub-basin,50.186843,5.716587,42.9209,1.683186014
Belgium,,Visscher et al. 2014,Ourthe Oreintale sub-basin,50.186843,5.716587,54.5802,0.635422688
Belgium,,Visscher et al. 2014,Ourthe Oreintale sub-basin,50.186843,5.716587,74.7162,0.846982843
Belgium,,Visscher et al. 2014,Ourthe Oreintale sub-basin,50.186843,5.716587,27.7618,2.117864437
Belgium,,Visscher et al. 2014,Ourthe Oreintale sub-basin,50.186843,5.716587,45.5868,3.100540615
Belgium,,Visscher et al. 2014,Ourthe Oreintale sub-basin,50.186843,5.716587,61.451,4.650242974
Belgium,,Visscher et al. 2014,Ourthe Oreintale sub-basin,50.186843,5.716587,137.4104,4.715100466
Belgium,,Visscher et al. 2014,Ourthe Oreintale sub-basin,50.186843,5.716587,90.4732,7.982902802
Belgium,,Visscher et al. 2014,Ourthe Oreintale sub-basin,50.186843,5.716587,38.9191,4.781367111
Belgium,,Visscher et al. 2014,Ourthe Oreintale sub-basin,50.186843,5.716587,19.8537,3.613075595
Belgium,,Visscher et al. 2014,Ourthe Oreintale sub-basin,50.186843,5.716587,112.4304,18.22170736
Belgium,,Visscher et al. 2014,Ourthe Oreintale sub-basin,50.186843,5.716587,131.5263,10.96048116
Belgium,,Visscher et al. 2014,Ourthe Oreintale sub-basin,50.186843,5.716587,137.9411,26.45558563
Belgium,,Visscher et al. 2014,Ourthe Oreintale sub-basin,50.186843,5.716587,146.9582,17.6493859
Belgium,,Visscher et al. 2014,Ourthe Oreintale sub-basin,50.186843,5.716587,249.0818,46.47393133
Belgium,,Visscher et al. 2014,Ourthe Oreintale sub-basin,50.186843,5.716587,169.8769,12.43889625
Belgium,,Visscher et al. 2014,Ourthe Oreintale sub-basin,50.186843,5.716587,189.2227,15.71059311
Belgium,,Visscher et al. 2014,Ourthe Oreintale sub-basin,50.186843,5.716587,188.7962,20.47608067
Belgium,,Visscher et al. 2014,Ourthe Oreintale sub-basin,50.186843,5.716587,299.6526,11.01642819
Belgium,,Visscher et al. 2014,Ourthe Oreintale sub-basin,50.186843,5.716587,245.6793,32.74217167
Belgium,,Visscher et al. 2014,Ourthe Oreintale sub-basin,50.186843,5.716587,312.2316,51.65590814
Belgium,,Visscher et al. 2014,Ourthe Oreintale sub-basin,50.186843,5.716587,239.4828,91.93385468
Belgium,,Visscher et al. 2014,Ourthe Oreintale sub-basin,50.186843,5.716587,442.8511,148.0238659
Belgium,,Visscher et al. 2014,Ourthe Oreintale sub-basin,50.186843,5.716587,614.6551,254.0344942
Belgium,,Visscher et al. 2014,Ourthe Oreintale sub-basin,50.186843,5.716587,941.8233,410.0265409
Belgium,,Visscher et al. 2014,Ourthe Oreintale sub-basin,50.186843,5.716587,1091.9338,295.0634434
Canada,Ontario,Devito and Dillon 1993,,45.387132,-79.135802,NA,NA
