"SID","sedstorage_y2025_m3","sedstorage_ci_hi_y2025_m3","sedstorage_ci_lo_y2025_m3"
1266,704661.234707922,704661.234707922,704661.234707922
1366,3068430.78111838,3068430.78111838,3068430.78111838
1974,619476.211945577,619476.211945577,619476.211945577
1975,63650.6454136567,63650.6454136567,63650.6454136567
1984,3650890.69258857,3650890.69258857,3650890.69258857
1992,7909865.15996517,7909865.15996517,7909865.15996517
2119,269055.453748107,269055.453748107,269055.453748107
5703,35134906.1029009,35134906.1029009,35134906.1029009
5704,30099086.0213285,30099086.0213285,30099086.0213285
5706,20782009.3614171,20782009.3614171,20782009.3614171
5707,16342562.5973304,16342562.5973304,16342562.5973304
10888,389576.821586154,389576.821586154,389576.821586154
11299,106237302.754398,106237302.754398,106237302.754398
11300,6038053.03998652,6038053.03998652,6038053.03998652
11302,9133003.83258301,9133003.83258301,9133003.83258301
11303,814827.809085727,814827.809085727,814827.809085727
17072,30588510.3743025,30588510.3743025,30588510.3743025
17180,2921681.02236702,2921681.02236702,2921681.02236702
17262,483353.765353743,483353.765353743,483353.765353743
29676,552594.55133079,552594.55133079,552594.55133079
29687,10250543.9573673,10250543.9573673,10250543.9573673
30855,45370.5894525574,45370.5894525574,45370.5894525574
30869,19359.857151497,19359.857151497,19359.857151497
31174,89751679.6001058,89751679.6001058,89751679.6001058
31175,8316591.31799364,8316591.31799364,8316591.31799364
31177,111200265.275561,111200265.275561,111200265.275561
31178,106543225.032494,106543225.032494,106543225.032494
32008,975504.769057257,975504.769057257,975504.769057257
38108,1709209.54723584,14061672,175738.956005324
38119,321144.684245414,3111947.45026867,33141.275637602
38127,10003581.1293431,96923054.0937575,1032485.37045218
38146,2871495.79686392,25162992,297039.993799627
38177,1927075.68968416,18685903.9951784,198739.151968773
38184,2628005.73636793,20475768,270209.115472335
38213,3382234.01697597,32728203.535894,349530.548874868
38295,9090027.87375169,88253588.219637,936263.424666028
38299,16895227.5862635,157885440,1743624.63946832
38340,272653.056673966,2644242.30383985,28113.7962302866
38357,220241.66416639,2133566.84112042,22734.8821231718
38543,336279.46696411,3259961.14376179,34688.7201763313
38579,6614288.27172565,63964774.535576,683951.59146782
38622,2461075.03690771,23907983.6528885,253341.746641126
38633,432962.921991461,4220550.39407515,44415.2715443317
38640,4625336.9906158,44933245.47111,476122.791764819
38653,8653902.54881057,84120180.7882991,890274.23173022
38662,2197515.9492865,17336561.4,225800.953304835
38663,5761872.25092257,23676648.6,592715.637567502
38666,3831343.58586123,32354180.4,394340.136961109
38716,7785263.62345761,75299790.4393596,804920.297029817
38734,312482.00456352,3023002.2333048,32300.6718619882
38796,4451036.22816354,42986602.0763286,460881.357155094
38838,1107595.372737,10718301.6827465,114455.400306857
38887,1468303.69295879,14223191.2478502,151577.497425712
38918,3745883.71781086,16725988.8,385438.393446889
39067,4244828.65765055,41112151.1128341,438278.461357047
39068,11269854.6713901,109153207.435742,1163590.4001174
39070,5625760.92110008,54394516.0634981,581845.160722283
39071,7550876.63272345,63767915.1447212,773840.547634523
39072,1108322.10960257,10715016.4692802,114645.390346915
39073,1869857.48858739,18143172.7078086,192709.791387344
39081,1787353.86418263,16676674,184792.180121372
39467,355443.221925869,3442625.17334618,36698.7045209578
39637,9409161.23088785,90880811.9962947,974158.495331805
39643,3149858.16511656,30412716.1338173,326232.172644363
51364,2301421.68142447,22367048.5548526,236801.102422676
51495,115535094.044697,1139400849.74604,11891152.056998
51579,116313423.821123,277533000,11957599.014289
65399,419828.039520707,4112884.30857156,42854.4956638995
65426,467392.340547831,4595377.74529134,47538.1159310833
65468,4825323.696959,11400000,499055.040169996
77762,17367907.9504667,69512765.4,1793649.65494504
77767,2878270.27824455,17515416,296965.681606246
77772,11373517.5444222,55629948,1173496.93143855
77773,640795.698303089,6252670.39373184,65671.0015252649
77775,5264089.27337622,32810568,543464.642687625
77858,41360907.6963564,401775829.731143,4257908.41278651
77919,116030281.666029,493392000,11962344.0305213
77921,3451339.6307717,33572069.2835163,354811.17194
77922,165966606.513806,1612485654.30806,17082269.4788738
78150,54551520.0189,377444880,5624598.44505992
78151,172551517.2,172551517.2,172551517.2
78152,23499637.3401058,51871534.44,2420543.02032981
78153,2596982.72537996,25235616.324528,267253.994877341
78155,3935917.19291067,38162515.6480736,406375.958321199
78156,53980285.289474,523570298.336562,5565448.70827484
78158,1873390.04130771,18151047.5551797,193354.694058381
78159,2510483.3713939,24295264.8795434,259413.79068281
78161,700084.989474444,6812276.2877041,71946.4349048905
78165,239665.967549847,2350472.03508398,24437.5492004321
78166,5188852.09154212,15048456,535626.742633518
78171,3023175.57947123,16658147.4,311489.189640207
78196,175430088.396112,1703367057.486,18071971.3823576
78331,19805901.7794155,164052840,2044119.75104864
78500,1694919.59860363,16452102.4282688,174613.090226973
78747,968296.350030086,9370382.16776878,100059.720584997
80066,125800.373822184,1229794.67022922,12868.5986668422
80510,137223.338504065,1340194.61370194,14050.3807713326
84289,847164.641575261,8201104.78304047,87511.1279421144
84483,2993110.93642911,28968381.7249119,309258.320428281
84670,1552908.86254475,15072027.811941,160000.098557373
89249,2978438.50978234,28925672.8419965,306685.898198873
89371,741377.047239955,7233617.91236268,75984.0971465838
105317,10233311.4147232,60500000,1058387.92825135
113765,2170649.40873844,18502200,224366.945785544
113788,696450.501066954,6732681.15424997,72043.1117000438
113966,2266703.03829749,21909449.6419129,234508.066053751
114019,355627.738167785,3435864.15157448,36809.1061156709
114068,15046385.2940966,145723169.620824,1553587.60729326
114069,7027713.16024115,70492931.479335,720579.011274826
114070,3427430.85087026,27765676,354610.48635246
114072,5850514.66559078,56749432.3965282,604938.16895175
114074,10051446.5000701,97419738.6311562,1037075.01337372
114080,1273091.19959889,12307170.7993338,131692.427847339
114082,4256089.94276834,41227193.055029,439513.966343343
114332,1876290.93104417,18119409.753327,194292.623537153
117361,3359287.15670686,32608051.481435,346074.349387009
117558,1909085.92221324,18523757.6536275,196753.225049835
117632,822999.859735652,7954151.24504853,85154.1224522906
117676,24772398.8697679,95345537.04,2561244.83979199
119440,59566119.1440422,178702882,6133163.56733328
119448,2320372.57035435,22629305.4213228,237927.27019273
119488,594985.514948247,5750556.87586887,61560.6054578397
119659,462619.024352661,4475474.17130848,47819.8183032831
120048,456291.314295162,4424020.57451848,47061.6625746293
120078,381958.661346502,3710274.63565722,39321.191368296
120079,621531.840854314,6050142.54455014,63850.0376398118
120136,1291474.27086767,12508478.6221602,133342.018857377
120138,3880660.55522151,37543508.2161458,401121.97981476
120139,2020922.14437272,19540243.4976041,209011.024561532
120140,14960555.3544378,125814960,1547320.22522626
120165,1985251.65155165,19283602.3549044,204382.150567743
120196,6157796.41607109,52052856,637131.610542733
120202,1815515.54921872,17587206.271571,187414.456768097
120205,3698870.0630155,21250425,382534.762394954
120234,993789.364883876,9627937.08914989,102578.287810925
120257,8746826.3841362,84779039.4603569,902427.914744142
120260,255570.564731464,2491737.98680207,26213.1547952147
120261,39132495.1914654,380486430.564684,4024722.18953345
120262,9690837.63738062,47242354,1001523.81845499
120263,14288163.0427305,14288163.0427305,14288163.0427305
120264,4039070.84710775,39064129.5687148,417623.366706758
120389,1864882.44202875,18011823.4362351,193083.533985278
120407,1638804.07313253,15948097.3148589,168401.204049183
120888,53957314.3489268,53957314.3489268,53957314.3489268
120977,132020.871295783,132020.871295783,132020.871295783
121005,192423,192423,192423
121006,297268.999391231,297268.999391231,297268.999391231
121147,8837601.66879006,85791673.3700939,912625.596522667
121148,6084512.0625044,6084512.0625044,6084512.0625044
121149,109482617.582514,109482617.582514,109482617.582514
121165,221624.074880453,221624.074880453,221624.074880453
128070,130045.081252602,1143438,13354.3143511276
128736,13562.328852551,19736,1381.07944669376
166914,134765.121870317,2836337.82703403,12569.5457957467
169422,8816.36440924068,91718.5981234531,847.464777993048
188911,0,0,0
202318,193720.413908546,1424672,19856.0621086174
202346,1732296.37493709,4324587.322,178267.226965992
202399,37774.7774707945,366535.879516914,3893.02628394445
202411,186248.399467666,1822190.62538948,19036.6835505221
202703,2267979.77971169,9707502,234508.242624092
206160,461648.237718476,4485870.19935988,47508.9750521505
208824,2273.60219171293,23352.9126758029,221.354269504804
208825,132070.641482363,1308795.92571533,13327.2529344325
208878,325817.285088788,2590312,33066.2578523181
208879,83999.8420231428,493393,8206.83318335966
290043,209543.333100523,2043360.55019782,21488.331289662
290048,440175.058365063,3996475.2,45459.62029692
290050,24943.2485011919,243870.525500631,2551.21296234958
290052,6132.91126543305,60060.471953166,626.245505013768
290054,977633.845792459,2688986.4,100372.696824697
290058,3665675.80918442,9744492,378644.523036665
290059,505523.867858883,1999471.08,52265.2353617917
290061,692562.919617678,2788898.28,71517.2584899766
290062,110370.79180581,1071159.09997679,11372.45782079
290063,155071.648560168,1265550.48,15851.1035657133
290081,26383.3853885467,172687.2,2696.05462959882
290082,78879.0240454872,767006.825633402,8111.92316213151
290089,348671.626112287,3404734.35966136,35706.7218800229
290091,66990.342097114,183788.52,6848.08668721241
290092,1264.02968704948,12443.2974987549,128.404150901503
290093,329630.604811499,724052.76,33875.1586845771
290094,45801.1144181959,80176.2,4718.81423643023
290095,66249.1867944696,170220.24,6783.4861825606
290096,24983.8103148188,209691.6,2549.39088076265
290098,84614.1929302656,821380.902354812,8716.49392469987
290100,482341.779455913,1137268.56,49859.7967895987
290103,33457.4317820645,326150.246914732,3432.15972405549
290110,45794.1005026078,78942.72,4667.62067359918
290112,155424.829197665,532863.36,16026.3602513206
290113,193175.998211604,1224845.64,19911.1193786005
290114,68938.4711224831,675892.002960017,7031.46771953533
290121,72266.0316115464,405814.92,7372.70888861127
290122,345854.798983571,1443171.6,35405.9679107219
290123,22156.9301019477,217209.824990078,2260.16273234888
290125,106673.62071162,476123.28,10871.2802814759
290127,35523.7692241832,344818.911242613,3659.71279053523
290128,4356.14337218902,43192.0265990763,439.340002616876
290137,72280.9523062418,320704.8,7350.14583163806
290142,219687.697266063,2153713.54347647,22409.0545728569
290144,40724.8059484915,228193.8,4163.49482322153
290148,128551.6961572,354008.76,13046.7795301263
290178,44298.625965026,69074.88,4558.18452707193
290180,160897.155471087,312070.44,16551.4236909195
290186,43901.9943393976,98678.4,4508.87380779001
290189,97598.3253451025,161585.88,10045.823671753
290190,303255.069112117,747488.88,31363.4713562349
290202,26175.2635978505,102378.84,2676.95102966411
290203,697885.626898113,986784,71797.2873178904
290213,61794.045200007,122114.52,6338.10636638716
290215,1196625.08018915,1948898.4,122998.205053139
290216,110779.623543204,259030.8,11357.6279289358
290217,601332.712078312,5868493.65795149,61617.3504976884
290222,38045.0514856098,65374.44,3916.14756320915
290223,111174.917876157,214625.52,11461.9732370742
290224,70936.927419005,155418.48,7296.21280140377
290226,111966.598254677,192422.88,11532.0460628081
290227,189020.923934514,1837301.73985173,19446.4027927937
290229,56305.0238020556,106079.28,5767.14448611685
290230,89737.586208568,752422.8,8990.72138458543
290232,63797.1808402361,518061.6,6529.98863278419
290233,29433.5715974437,108546.24,3010.76572574103
290234,204791.069172291,357709.2,21017.7232404794
290235,378341.308028039,3671813.28776559,38984.0479736031
290251,371139.155547126,2281938,38280.6602075839
290256,55938.9357563248,111013.2,5757.64157481211
290258,72465.5818715135,630308.28,7442.65759795754
290261,349804.478418047,3401996.18208309,35968.0512769998
290262,33044.6303692087,71541.84,3385.55636558039
290263,249800.847956588,2431371.51192858,25664.7177667776
290269,41364.472731153,59207.04,4230.16203043861
290271,168346.249028372,1105198.08,17334.0053608413
290272,155438.452088689,1356828,16034.7705254019
290275,111455.247504601,666079.2,11477.8809212781
290278,199500.999360197,246696,20466.8275790691
290286,252137.937310391,999118.8,25885.5374503784
290291,13758.8393969476,135812.729394138,1393.87274223479
290292,163900.735600148,999118.8,16862.8433640007
290294,94242.3271384848,186255.48,9682.12029100048
290295,25596.62163494,248959.398492741,2631.70237030189
290300,25444.5574878232,43171.8,2602.34066506269
290301,11591.4287317692,61674,1146.11827755308
290305,151077.919612003,1466726.99039667,15561.5448162702
290310,1702040.04680354,4403523.6,175016.735412184
290318,25335.2566815577,38237.88,2602.07690892118
290320,733321.797597289,1628193.6,75577.8623057849
290322,335181.913183051,794361.12,34599.1483584404
290330,65779.9359527928,244229.04,6800.41178083247
290362,433213.038419947,3086166.96,44634.4108170256
290387,17058.6171208664,91277.52,1747.31057178585
290397,430789.247101952,779559.36,44117.0602722262
290403,92375.583041884,180088.08,9547.27835539143
290425,22906.0703303579,177621.12,2347.36176492335
290439,79661.2852975327,197356.8,8186.93259318602
290451,996368.44317968,2499030.48,102988.441581495
290452,188072.293866303,300969.12,19356.2038355268
290453,49339.2,49339.2,49339.2
290454,92942.0587197284,182555.04,9571.0573251037
290457,463203.162569967,885638.64,47766.6395754124
290459,66921.4692919216,141850.2,6804.42326725457
290460,119953.51105509,234361.2,12323.4004997674
290461,224836.638522663,1385198.04,23039.5852077423
290462,47381.6980389365,209691.6,4894.98052158805
290463,147001.307008864,246696,15142.6225160065
290464,3130.51683743657,30525.853137542,321.043792791536
290465,143147.29581694,513127.68,14697.7305628305
290466,167777.010131951,1424669.4,17194.2554821144
290469,113553.262883382,1104077.88574507,11678.8350513523
290471,68896.6773581399,251629.92,7075.81922025457
290472,48213.3152901431,136916.28,4938.12392881609
290473,62066.7610978774,86343.6,6382.82283143915
290476,246515.165761773,1713303.72,25393.1639252996
290477,159050.680312626,214625.52,16303.9080163011
290480,563394.343728094,1936563.6,58089.8248708359
290481,315596.365339034,437885.4,32494.5113368132
290482,916238.631804664,5637003.6,94067.7388530219
290483,120918.152693031,487224.6,12417.8784391351
290484,110944.402869529,172687.2,11428.8193182233
290486,69903.3615514845,130748.88,7197.9615808629
290487,106523.432610404,1033181.99414154,10982.8101529505
290488,89229.0785666778,223259.88,9175.20132649639
290489,104782.606595534,1016673.41248569,10799.3329127302
290490,485574.255123421,4698660.76770826,50180.7576446226
290491,1494567.68918281,2466960,153946.560865483
290492,8973.98978344764,89282.6520187608,901.994853563495
290493,275995.386780424,518061.6,28509.7410510356
290530,143837.056891113,1001585.76,14772.9763709836
290531,2731862.70713738,11587311.12,280807.12187152
290532,637686.588183921,4139558.88,65775.4580406433
290533,212045.586050442,666079.2,21770.1364869858
290534,164209.624539396,205991.16,16851.3388328717
290535,49257.4822483242,74008.8,5039.5548675705
290536,183093.089268004,467488.92,18766.887901067
290537,115378.375106748,331806.12,11813.8691999803
290538,784837.689983191,1038590.16,80667.3462892522
290539,50316.7427656089,74008.8,5172.0487214759
290540,365737.494548398,733920.6,37466.0582719436
290541,124099.936441817,296035.2,12773.6762336469
290542,88836.5686352274,742554.96,9051.97627456786
290543,236650.447570325,944845.68,24390.7191637077
290544,148461.989551139,276299.52,15229.5453918196
290548,141595.046451121,555066,14574.1896485452
290550,584378.122107057,2374449,60214.1720462621
290551,122659.441093001,209691.6,12665.6904305508
290552,9081814.40570628,17340261.84,936388.771911027
290553,419734.439885558,724052.76,43352.6816267172
290554,692842.341807862,1269250.92,71552.2171409416
290556,379249.396649299,1601057.04,39143.0319467104
290557,709479.154763753,1640528.4,73439.977676711
290558,619720.945161725,1788546,64156.7544238173
290559,81258.7996237233,103612.32,8345.12270980851
290560,100979.362738928,989035.923202647,10309.8699045645
290561,80683.1524068041,321938.28,8280.87356892528
290562,297451.658858987,1242114.36,30478.7171267315
290565,60615.7058924762,94977.96,6196.84465297434
290566,64949.0986947784,166519.8,6656.37752534968
290567,27552.1002470058,199823.76,2812.68632297493
290568,40906.1277901416,400845.096070767,4174.45868038755
290569,338245.060743045,814096.8,34714.6817103711
290570,89221.975333575,740088,9161.85924526677
290571,489518.50515869,2729691.24,50229.167735542
290572,190201.566129333,524229,19472.9566225682
290599,7355.8965937205,72854.523574063,742.702196693417
290608,164722.843760714,212158.56,16893.0730963695
290610,65521.4646866914,643598.347870828,6670.40608306685
290611,663756.522565714,2837004,68050.3421276077
290615,139695.56275014,1356555.90260612,14385.5850058134
290618,105165.845120544,161585.88,10823.2335079016
290619,496777.724392745,774625.44,51009.2953575265
290620,13985.5095248467,123348,1422.09620069293
290621,425641.977930146,807929.4,43912.3867549381
290622,59190.6579697371,178854.6,6069.63728166148
290624,107920.477330931,266431.68,11045.1811626236
290629,150086.07113328,444052.8,15361.1350892505
290631,79606.3413732599,94977.96,8144.54989450039
290632,126927.168453221,1110132,12961.4836117948
290635,336334.935506141,826431.6,34665.1830830916
290644,49941.3430268026,65374.44,5084.10735544711
290651,89437.6896288302,262731.24,9160.79591046131
290653,141578.15279553,888105.6,14461.4724094737
290654,163859.573487064,407048.4,16835.427426918
290655,229982.021709618,2236779.035493,23646.3814576059
290657,428925.679677821,836299.44,43925.1359429957
290658,98031.3855968773,215859,9999.39607227873
290659,101785.989796678,471189.36,10486.6216503136
290660,85374.4926810193,127048.44,8785.24907153624
290661,160251.527945965,305903.04,16490.7036048881
290663,69525.4681458627,679149.073337141,7117.42224302761
290666,73158.1355779842,468722.4,7513.31405080736
290669,10187.1273294064,99999.7944744654,1037.7777651537
290671,34010.93372262,214625.52,3513.04347570275
290672,46202.9752129518,57973.56,4708.81968781144
290685,48335.1740125321,111013.2,4973.14625438189
290686,1053931.52676366,10195518.5593319,108947.049298409
290687,42900.7907771583,417165.64383428,4411.86343244663
290690,143023.108167774,302202.6,14698.8615062828
290692,31368.7117051061,61674,3209.43937336853
290693,279067.221282748,1534449.12,28733.2233469687
290694,19430.0195968122,148017.6,1995.25375344787
290695,61411.8948450625,119647.56,6275.32143850061
290696,68005.3191034513,246696,6993.48187838909
290697,136631.307722954,923876.52,13944.1317748438
290699,149972.798408682,671013.12,15451.7240124829
290701,298344.035927733,976916.16,30663.0648188295
290703,8397.38786550831,75242.28,858.399288613227
290704,65974.542272335,115947.12,6792.19058192462
290706,70001.800176587,524229,7174.66308420158
290708,499005.261119521,4880525.43058092,51020.3776553875
290709,110241.384758595,271365.6,11379.111339505
290710,668222.191347536,2305374.12,69018.9311202466
290712,115472.742895572,1120976.54696115,11894.9449816535
290713,254164.245888813,497092.44,26194.775162976
290714,197255.941070023,261497.76,20186.1891885726
290715,81755.0794893806,794333.795599063,8414.46386814519
290716,3526.01387328414,35062.0495454865,354.593470597405
290718,47133.9687096933,462798.876939626,4800.3811526452
290720,628808.908358316,1788546,64814.7796629532
290721,482530.212174161,1095330.24,49753.9439105936
290722,33811.0753294457,53039.64,3475.42460192533
290723,220003.068871553,2137457.71297504,22644.3545615381
290725,282627.778680608,2749414.34961019,29052.9004088669
290726,187306.180697466,860969.04,19349.4703189032
290727,187195.044601456,1816841.65550829,19287.3080695287
290728,210124.961734831,395947.08,21662.4478830312
290729,40921.5457241066,180088.08,4203.37672907575
290730,99778.1550572101,391013.16,10252.4570152905
290733,516174.977240706,5023603.07227355,53036.9544122564
290734,407540.386918033,1351894.08,42029.787224207
290735,158304.399386485,333039.6,16357.0014989644
290736,17935.3304200347,175332.038065611,1834.66798666566
290744,41618.5667046202,74008.8,4291.31996583647
290754,19399.6925206629,189674.76697136,1984.17573357605
290756,299049.758705551,1264317,30707.4815683517
290757,70217.076730077,155418.48,7228.44055111855
290758,130385.553905019,890572.56,13299.4254080198
290813,111448.491532621,176387.64,11482.806585736
290814,82119.5651944328,120881.04,8442.59984805972
290819,46961.4105600619,88810.56,4787.22933572937
290823,184658.482985769,1103964.6,18884.2423760751
290829,3978893.54078221,11486165.76,411808.957192185
290830,404369.267889552,1603524,41578.5143589195
290835,34650.9668887075,341567.516546456,3515.23329402724
290843,49863.3947076585,62907.48,5077.32202487507
290854,709674.462723542,3368633.88,72703.1735036263
290855,135400.274452076,197356.8,13915.4289055947
290890,421482.781295948,2454625.2,43533.1417096338
290891,449274.834177232,1356828,46104.7597396172
290896,35319.2898158788,149251.08,3600.61082957875
290901,61511.376874627,170220.24,6356.2428795958
290902,121206.513715519,325268.676,12472.2578817392
290914,18793.1612507573,27136.56,1925.81994855467
290919,270968.161105152,770925,27856.1329279135
290930,152116.759168367,683347.92,15695.4196199187
290941,42660.6746358676,417815.34117943,4355.83134704905
290945,12505.1912243919,24669.6,1281.59910647245
290947,719263.683581591,1217444.76,74044.590258578
290948,141728.024837089,246696,14552.9032379111
290949,52727.4369789728,329339.16,5370.54174843644
290950,32576.1397820292,242995.56,3342.75895646273
290959,116358.330062211,155418.48,11904.9386931127
290960,108749.45151527,299735.64,11101.0252444441
290961,95386.2739507067,265198.2,9743.68400810008
290962,35656.9850508244,91277.52,3666.13037495061
290963,112083.826669243,363876.6,11415.3188532329
290966,312407.513452357,1031189.28,32005.4128232565
290967,62200.1212386439,77709.24,6361.47949968479
290968,78780.405668958,152951.52,8094.31962197078
290969,169588.928042747,330572.64,17448.3714835707
290970,73638.9792126375,378678.36,7520.50881814199
290971,70411.871750392,202290.72,7199.08986639411
290972,493996.338710288,1060792.8,50638.9667959801
290973,300576.996692585,477356.76,30817.3634949184
290974,121192.356122258,210925.08,12422.8486993303
290975,56480.8594027628,78942.72,5799.75048414832
290976,412223.90148585,615506.52,42494.9847799726
290977,36635.5343152868,220792.92,3734.53306538796
290996,203433.643722998,439118.88,20933.8150574761
291007,674155.478308426,4956122.64,69231.7743110342
291008,219442.891663073,2127061.24760023,22639.3023500289
291009,36101.4143656357,61674,3712.02505369462
291014,88171.3195563938,724052.76,8970.14236050015
291019,104111.923914494,425550.6,10624.3584160361
291021,263370.689111661,394713.6,26987.007459126
291030,125681.990270971,330572.64,12963.250076937
291031,10485.197251756,37004.4,1037.03862380303
291034,321579.495106909,962114.4,33266.9061731391
291035,391628.230279746,780792.84,40084.9435768365
291071,36391.423926634,90044.04,3736.41621487873
291072,55791.5429800324,339207,5732.83270491512
291073,39175.7800652723,139383.24,4034.19945939435
291074,54872.9341580114,91277.52,5659.33048615658
291091,308090.749146866,703083.6,31590.2785073132
291092,86257.7037203273,112246.68,8830.45723390757
291097,287658.075963079,2828623.82622027,29253.5076243599
291098,2176401.29515434,6833479.2,222547.829183063
291100,45415.8746285846,148017.6,4673.27160477338
291104,100466.135948166,382378.8,10335.1563659408
291107,87894.3528533686,546431.64,8947.43699085905
291108,75698.7028811014,733920.6,7746.85599510491
291109,181858.457557886,809162.88,18610.2207480045
291110,202467.519061243,321938.28,20748.5306951648
291113,51719.5115553752,61674,5273.36263227181
291114,325657.893127548,456387.6,33395.2440176688
291115,182576.252073905,910308.24,18701.7066941103
291116,12525.0614408864,76475.76,1271.24241571579
291118,101531.739936772,123348,10401.005576434
291120,41040.7049750585,104845.8,4164.39641717326
291123,53480.3839075252,77709.24,5499.27077945437
291127,43668.0990919499,71541.84,4486.18222892236
291129,1818.99306525127,17964.0534245296,184.18648025808
291130,23240.9204041455,66607.92,2363.77098281271
291135,43809.188579865,234361.2,4453.36826578132
291137,29531.7901033422,288390.098781351,3024.121252405
291139,98617.8102820378,129515.4,10108.7581970782
291140,195118.063952271,308370,19994.3574112399
291147,2994.65519682159,29955.1101208826,299.379962606071
291165,81842.8535645379,103612.32,8324.86037985365
291171,29712.8276575408,185022,3012.41225816113
291178,19075.9193056337,184849.818586055,1968.57481461711
291185,22418.1033448008,113480.16,2277.5250473202
291192,245301.881316465,304669.56,25178.4525175109
291194,44053.0675027119,71541.84,4542.28496909156
291195,31153.6549128555,306343.275303383,3168.17861749409
291196,171979.549324039,1037356.68,17552.9162260916
291197,356560.338255628,3482781.77454614,36503.9451355048
291198,104170.745165718,1020721.65650486,10631.247097802
291199,138409.867498764,1356033.23868678,14127.4497368353
291200,37532.3908544043,43171.8,3832.04270870621
291212,44572.7864548611,439397.706737779,4521.49217414163
291213,3921624.59226329,5477884.68,403783.656841067
291217,49127.0097055576,74008.8,5050.04226686886
291218,406930.729229553,3939998.55271104,42028.5987865033
291219,34676.3525955897,93744.48,3562.79794864269
291220,201142.255019401,277533,20629.4728370531
291223,371119.836528646,653744.4,37974.6487423249
291229,181351.025246541,1756496.9652473,18723.7410645575
291236,50912.5144661763,496196.714835298,5223.90425363659
291237,23795.488210344,233072.453581871,2429.39588298332
291242,142778.02080687,524229,14530.8273256093
291243,28954.1471084222,39471.36,2974.45747989194
291244,17176.1407707772,74008.8,1729.67715726951
291245,139525.822334801,817797.24,14245.5809870744
291246,53252.3636440238,80176.2,5425.1816170801
291247,29072.3892880136,93744.48,2965.21883915474
291248,32208.8736558899,39471.36,3286.50213506956
291249,46866.5440602159,77709.24,4786.05575079079
291250,27226.0685594058,130748.88,2773.47110604699
291252,143053.61235168,194889.84,14679.7931834267
291258,108494.282379687,160352.4,11161.0886162202
291259,53419.442529858,78942.72,5494.19522607966
291261,83291.9072894368,120881.04,8507.93846391805
291263,3867199.44471545,19571627.16,400264.388748477
291276,33144.9940532689,324618.50269191,3384.25142646254
291279,73500.6655072218,580969.08,7530.65372627253
291280,291651.240129943,468722.4,29844.9736713539
291281,200419.152639718,319471.32,20523.8910142677
291283,26177.1820077498,33303.96,2679.96415978535
291284,174976.837881681,698149.68,17870.4394899125
291290,73686.9714981416,103612.32,7553.52808703759
291291,65491.9293440129,96211.44,6710.84055335072
291292,35560.5565472575,308370,3643.12296675555
291293,146958.617708502,235594.68,15137.7825341796
291294,17987.2196168319,177623.113536117,1821.49756922459
291295,187393.45417375,331806.12,19136.5763596524
291299,80584.5158163596,786114.327851886,8260.71216269785
291306,8540.80193120185,62907.48,873.450291922037
291308,78935.238133941,178854.6,8059.28736925343
291321,1993300.32491427,13074888,205564.579481849
291326,31482.3312584793,70308.36,3244.12431250193
291328,374808.31032419,2389250.76,38612.2838581821
291329,142772.84671592,333039.6,14758.9067367951
291330,25652.6711750273,43171.8,2625.86023746657
291339,47454.1016470741,95841.396,4863.90241442552
291345,68639.9013231147,133215.84,7086.81311979755
291354,222635.81048805,2154648.76919261,23004.540146116
291355,564125.384408389,801762,57628.6992430198
291359,143792.826475641,297268.68,14618.3909298246
291360,43610.0957157716,234361.2,4447.80103825352
291362,48134.4055146181,96211.44,4939.80486503275
291366,225974.072072884,592070.4,23168.9955260724
291400,22265.6087883084,216618.75722179,2288.61683573601
291404,87722.5322021068,112246.68,8987.47772832205
291406,92511,92511,92511
291408,3551.93849465514,36122.3642478321,349.264709897005
291409,95051.7542983997,222026.4,9698.76263309528
291410,551345.135894849,999118.8,56628.0653533686
291411,6226.74560230107,65451.9756115332,592.378769831108
291418,52103.8633256123,166519.8,5296.04045273359
291419,34053.6279925135,74008.8,3502.86595555994
291422,20696.9416149435,35770.92,2133.97654613555
291427,36379.4231096481,74008.8,3754.43265028227
291440,20864.946430895,30837,2107.2647927576
291441,9653.13677691583,18995.592,991.06676529731
291442,145010.839591348,241762.08,14940.0586971875
291446,48043.4535091455,61674,4902.82261822038
291450,18768.0739399511,30837,1918.22674859199
291451,51603.1397578284,111013.2,5299.95859185996
291454,5271.45082720635,49339.2,539.505964017362
291468,109902.097253787,370044,11308.0747536342
291470,72569.8281160998,160352.4,7487.65892481022
291471,34728.3511213768,61674,3569.02247886043
291472,14826.3347876017,98678.4,1526.82663564084
291475,72193.9563908011,156651.96,7421.63398434668
291476,123241.825239384,288634.32,12639.9164116215
291477,40358.1275153561,72775.32,4130.46813248026
291478,67134.6898079,111013.2,6860.46539237088
291479,154384.191595675,341673.96,15814.7532522616
291480,316880.103239869,2014272.84,32482.8005778354
291481,103667.164110367,223259.88,10694.704440535
291484,34150.5444968726,69074.88,3524.32277852424
291486,32340.1241837496,49339.2,3317.22559266567
291501,32551.6055797604,48105.72,3348.94763231147
291514,98750.4262908661,178854.6,10161.6441741084
291520,51146.6212281151,314537.4,5284.0810597051
291522,38021.1219507903,65374.44,3895.48306729294
291535,70120.0899039039,199823.76,7246.44814714935
291545,37163.5135532919,359804.331957671,3838.54950303432
291546,86136.3316562963,832928.456639912,8907.68897623464
291548,3278888.13965263,31652444.7275094,339661.202314992
291550,17838.746260417,29603.52,1832.61932959359
291561,47962.0293728074,129515.4,4956.52822844842
291570,58388.7814816005,67841.4,5965.43874667289
291571,228638.795192683,896739.96,23526.1357673808
291575,48356.8043677031,228193.8,4984.72992737812
291598,9213.1006089112,55506.6,945.587571347909
291603,333062.906685527,2047576.8,34482.992122981
291615,5033.61719270734,14801.76,517.744571959641
291618,22091.9933872879,217975.108998625,2239.04543076545
291635,64562.5595929605,117180.6,6667.909934537
291638,17469.1763657131,169775.516993756,1797.5037172622
291640,8339.61881291216,22202.64,858.924782436811
291646,52803.94568278,114713.64,5433.67318712216
291647,26978.7064054724,111013.2,2783.32335711252
291649,12867.0471312519,40704.84,1324.21009932695
291662,9278.84317514009,90018.832867579,956.432425595824
291670,26665.6199546379,234361.2,2715.46332094543
291671,17382.6271577549,41938.32,1767.8018817755
291673,29500.351324097,92511,3049.68563939733
291676,67887.6930669213,636475.68,6512.36525898556
291678,894416.142396196,8693307.03666446,92022.5447467729
291681,61075.4852465008,123348,6310.42930798367
291683,10123.0999036861,18502.2,1041.93179740835
291686,11528.9192325684,13568.28,1177.07872153489
291688,83203.3678074541,805778.354686646,8591.44499754484
291690,80183.6361644497,178854.6,8294.326212142
291702,21547.4683615833,115947.12,2192.7759948868
291704,40483.1775561693,92511,4180.72375265043
291706,31216.8006723156,67841.4,3207.46764752172
291715,24651.6364155554,61674,2543.5857318792
291717,14443.0381019027,85110.12,1482.42428861252
291718,10377.8188275837,19735.68,1053.81821000682
291722,5680.13088549871,16035.24,583.765334766071
291723,18384.5400251024,178516.353870727,1893.33528612931
291728,6894.86516757204,35770.92,708.009107600486
291730,385100.445224345,1086695.88,39894.60722142
291731,36995.2782033129,45638.76,3791.61885900123
291734,31329.976466737,64140.96,3218.44765604225
291739,69857.1550617099,161585.88,7152.3852059767
291740,10106.6869985314,24669.6,1026.91940268875
291748,103188.498299816,148017.6,10572.3687983285
291758,16134.7563023597,157318.521385129,1654.7979134588
291769,47106.8264881676,293568.24,4866.34508620438
291774,77465.9185371837,106079.28,7919.48878263187
291776,53644.6664661835,123348,5489.80169099278
291777,41332.5112036076,185022,4263.87909099137
291780,79850.4446547932,123348,8208.10752014736
302998,4972543.24384102,48282533.438735,512114.517421578
303000,506023.841658808,1630660.56,51869.9466289714
303004,52243.5105253667,61674,5346.56549734248
303006,234273.633059661,493392,24025.0791593017
303007,3324865.37311698,23781494.4,341883.424331824
303008,239158.285309694,678414,24381.4791654454
303009,195064.093158368,407048.4,19993.7748129161
303018,50343.8655638722,99911.88,5094.434376052
303031,122440.703418386,795594.6,12558.4160913438
303032,806719.634045316,4995594,83443.4684028995
303063,1428510.81853511,4440528,146860.888560234
303065,154123.808038218,445286.28,15790.1062222518
303066,1374053.84418775,2960352,141618.569088978
303071,16663.2168182848,72775.32,1704.98600822625
303073,52105.903236049,139383.24,5350.96735301319
303074,60300.4439307247,215859,6189.78142090233
303075,181349.831252365,1396299.36,18627.9143595101
303076,62718.1318947202,87577.08,6453.7843645328
303077,105692.791885755,173920.68,10887.0208075235
303078,315637.062351866,3058392.26855373,32574.8780346048
303079,43738.1760248561,196123.32,4502.69424850786
303081,176306.138093799,1709635.00948468,18181.5733516823
303087,128412.628392943,279999.96,13111.0761338348
303088,132030.211690449,233127.72,13590.3521571475
303089,418994.648777172,978149.64,43213.5237834437
303090,154296.007596921,308370,15934.5777218846
303093,173936.910848072,244229.04,17877.1928669232
303094,37153.35661907,362674.776689598,3806.0874281456
303099,621117.211205323,5999365.77070147,64304.5623154879
303100,631343.674875907,1338325.8,65279.4215626176
303101,204453.745922066,666079.2,20533.8959387987
303104,136709.961778333,315770.88,14094.679873154
303107,8072.81112154552,66607.92,830.133342497316
303108,166010.485658128,262731.24,17104.9197304783
303111,31313.7645310858,309072.491634912,3172.56266942885
303113,22670914.5572178,55506600,2337986.87295895
303115,877653.926436969,6802642.2,89856.1271951887
303132,32224.7663465035,183788.52,3315.49417906555
303133,149096.103366797,1444531.6799941,15388.8269444207
303139,19228781.5496823,129022008,1979156.41579556
303142,36437.0827976977,181321.56,3726.56025606936
303158,173295.32894872,1615858.8,17684.2260445602
303160,4859272.0258526,47150858.8187112,500786.734596303
303161,187585.806959,1827308.8874264,19256.9713936098
303162,200604.059371941,693215.76,20659.3852204102
303163,194096.466941782,690748.8,19988.092002909
303165,103640.55431098,604405.2,10666.1198655454
303167,52552.7103611223,462555,5408.91850770589
303171,1868668.65195512,11820438.84,191968.09408042
303172,60800.5621654724,259030.8,6217.8197829706
303173,554045.969492595,5405940.77139163,56783.2592497991
303174,57581.8337222364,564992.565173215,5868.51540922272
303176,239887.52123213,296035.2,24571.4377072676
303184,463387.458075362,1338325.8,47898.2473907198
303186,191004.298556978,296035.2,19697.7639041176
303187,12429592.9499046,93867828,1284542.10759565
303189,31132.5041704668,123348,3177.17194576685
303191,42048.8109178424,149251.08,4335.55639621014
303192,35430.4633731349,135682.8,3651.65380680557
303195,172441.714067851,1666338.34840922,17845.2021938079
303200,22264.6218822934,61674,2275.69119852867
303201,16278.7932148465,43171.8,1646.06653503881
303202,361711.770155142,3524532.09303332,37121.354328814
303203,65559.4798810139,146784.12,6772.22146866308
303205,57088.2574558133,81409.68,5855.72920112453
303219,25332.2521226207,61674,2602.00788701478
303221,123565.292074667,215859,12727.9953637244
303222,438405.025950854,1393832.4,45274.1655678698
303225,62585.3194160268,122114.52,6461.22595621245
303227,20793.4969901172,201918.519347503,2141.30689188496
303236,25161.535124544,44405.28,2581.3195438385
303237,73502.6415257569,148017.6,7569.6651146027
303247,50095.7109659647,485680.243595138,5167.14503066643
303249,125033.13265645,1210366.75852702,12916.1546710939
303251,187243.661042344,1809282.28988817,19377.9537866958
303253,11780.9520290969,24669.6,1212.30418902603
303254,16813.1968210458,37004.4,1731.00222977874
303257,70754.572957006,92511,7245.61174482039
303262,34610.5388866286,82643.16,3565.69773584026
303274,16629.2790641156,161345.617470745,1713.91653846672
303276,54751.2191852042,529934.272223194,5656.73171068982
303277,37498.9789675271,99048.444,3873.47781815553
303298,12942.1359114366,24669.6,1326.60283336834
303310,14951.6879573178,23436.12,1517.68469338107
303311,10470.5944499459,19735.68,1078.42041473232
303313,8680.45069853069,62414.088,878.80714386372
303318,17339.3118892707,81409.68,1790.81894662446
303320,54030.9953186358,522705.020535165,5585.07827633547
303332,80590.8145247364,160352.4,8306.83459211749
303336,49476.1694121914,171453.72,5112.08158967354
329312,232317.682404012,2220264,23927.8269000991
329313,2121196.19319068,15387663,218848.926111821
329317,1211355.25516553,7968280.8,120775.46008856
329318,1035228.91239467,4526871.6,106879.495099803
329322,73631.0915650658,101145.36,7564.95592958349
329324,107167.048695886,1051001.03598218,10927.4643249553
329325,37677.0493404803,371950.624380042,3816.52820013698
329326,187485.605216674,421850.16,19271.2590915685
329327,82169.0446479786,131982.36,8456.1280824339
329335,219740.342993188,308370,22630.6166637173
329337,435719.886779996,709251,44964.3992834486
329338,106400.069636805,298502.16,10938.3923950982
329339,290952.55644071,604405.2,29942.0656769833
329340,93494.4286138002,358942.68,9612.74036696435
329341,256255.751910207,641409.6,26428.0626504934
329342,109174.662896173,194889.84,11235.986716112
329352,243144.770975168,2368408.07778235,24961.6525999705
329393,1376953.11542637,12211452,141617.237264089
329394,1394928.21335537,13554247.7527145,143558.296698917
329404,95687.6682823365,152951.52,9834.53025893084
329436,527979.902075486,4132158,54522.3027168408
329437,36377.6573150817,66607.92,3742.6414761015
329447,62523.9646241038,97444.92,6367.05762247755
329448,73449.0953342027,117180.6,7543.69435408631
329449,274393.248562266,720352.32,28279.1441293668
329450,113120.866027813,176387.64,11643.8653390548
329463,20042.4859008861,53039.64,2027.0277366648
329464,25734.781957175,134449.32,2479.59545977372
329465,170529.954430449,307136.52,17227.2561801829
329466,8671488.34089814,30158586,878005.390783191
329524,102988.867921844,191189.4,10573.5706385965
329540,17934.8211806609,86343.6,1836.87926988534
329541,38677.8353192767,229427.28,3946.55704234632
329542,27609.0147812318,247929.48,2817.74336484082
329544,101788.818392784,994391.765409459,10419.3979779517
329546,81849.5775173242,130748.88,8434.06762328518
329569,490512.919722069,1443171.6,50290.8204562413
329570,16736.1884257351,43171.8,1692.48867472467
329571,28933.1358809227,53039.64,2946.0050387571
329581,48005.5559995762,76475.76,4934.58221168289
329624,73465.3513426489,222026.4,7554.95132840217
329663,64011.1476000834,624886.627608022,6557.07265294511
329669,75285.3227154414,732364.771152521,7739.14863142396
329670,146928.72568939,349074.84,15105.343667069
329671,135550.771379245,980616.6,13975.6550529918
329673,102897.871373416,425550.6,10599.4166081825
329675,118648.699920482,250396.44,12246.805520712
329688,40988.6755281089,74008.8,4190.94270518407
329696,260328.285552899,2527245.94150629,26816.0748211623
329697,862722.590160626,8393256.40844201,88677.1750264709
329698,1356221.59540939,10663434.6,139254.658829196
329700,46372.9506797129,117180.6,4765.86552581328
329702,2189633.3105777,21274008.6848084,225368.622614841
329703,413013.256419987,4015595.86703772,42479.3618747491
329704,742105.538754632,7230150.49489668,76170.0093295461
329705,541703.885761524,5273245.61681773,55647.5311738314
329706,99063.0316847635,342044.004,10206.9711342063
329707,84908.6672614179,181938.3,8719.87246477374
329726,146933.641215749,1425430.4951177,15145.9471330699
329817,77247.7861328755,208458.12,7901.9583047701
329818,57390.883314987,177621.12,5872.91060261387
329819,123132.738206342,593303.88,12568.9042046038
329821,59209.7255790042,256563.84,6029.78426925348
329822,89249.357838219,874194.212690379,9111.76001728537
329826,59552.1145193596,139383.24,6121.3362665248
329828,87273.5312668204,727753.2,8959.45970071154
329830,206762.518216885,246696,21177.9015843644
329835,64422.2750930084,414449.28,6556.22830948808
329836,44828.0570183538,111013.2,4555.92403450887
329839,307507.721211238,493392,31517.2433169649
329844,141414.770472456,213392.04,14507.0536200315
329845,145664.891417566,230660.76,14944.0996956402
329846,354141.586715306,666079.2,36525.5825035913
329847,238083.417565927,335506.56,24502.5218047394
329848,170629.822397179,294801.72,17536.9625579261
329850,206640.561493525,370044,21208.109398402
329851,171106.790985933,355242.24,17619.6316785116
329852,231390.568874823,357709.2,23728.9630892884
329853,44592.6650919501,76475.76,4585.03048134904
329854,153616.397820511,273832.56,15761.4310717557
329858,84368.3893904294,222026.4,8676.70874444253
329859,100148.873976825,185022,10342.5486485475
329984,181739.454046125,1775766.80496184,18599.9811826042
329989,18753.0792767773,57973.56,1908.32302265699
329992,134169.450981784,267665.16,13755.3494457789
329993,66690.4853358451,139383.24,6786.73645203884
329994,107021.320602878,162819.36,11020.8752853298
329995,41898.1536406832,62907.48,4298.89941514981
329996,40406.3588385168,62907.48,4161.24739557772
329997,92017.5513430997,152951.52,9450.35721346138
329998,127698.671360441,235594.68,13173.4692969508
329999,138414.798918104,246696,14240.4347304231
330001,96052.4155501605,435418.44,9817.86700333109
330002,155786.555333245,281233.44,16014.3253594074
330003,102981.29364047,165286.32,10565.098661068
330006,41405.7806215016,317004.36,4230.57022625217
330012,197481.106813122,458854.56,20331.5941711283
330014,40997.3985565124,93744.48,4184.15707818004
330015,109316.888179545,299735.64,11160.7460229722
330022,12915.3684638984,127421.022434348,1309.09907463823
330023,50877.4018506724,497525.453546045,5202.76902543487
330024,359610.080092115,555066,36796.316643719
330025,78688.5456175452,257797.32,8096.51027593236
330027,66917.7805221074,173797.332,6882.99796443215
330028,48369.480598605,71541.84,4979.32122090706
330030,38096.2481857861,271365.6,3902.00846732017
330031,114678.571878806,425550.6,11699.0445293922
330032,231487.967565968,1279118.76,23665.267219389
330033,72779.2241759445,222026.4,7440.58740488249
330034,48620.2632023535,185022,4970.30871012131
330035,64942.5442757481,635463.629824524,6636.94011594672
330037,407133.978403651,616740,41646.9252825492
330038,482425.428233134,3582025.92,49267.4156425864
330040,164533.768015198,1616449.04522722,16747.4260306631
330070,51392.4168575328,94977.96,5262.24678810625
330071,89966.0561099428,826431.6,9149.25133825744
330072,149899.363052995,241762.08,15458.5537127148
330073,23929.0135316941,43171.8,2449.26072216137
330074,10745.9736797081,105213.184308625,1097.54258540687
330075,210119.883981697,330572.64,21676.8998718263
330076,153542.242747768,355242.24,15848.7883378896
330077,39327.7344894981,66607.92,4035.99906882317
330078,59938.7145341998,114713.64,6169.32627883358
330080,106833.039027874,521762.04,10982.5918339036
330082,116131.970705974,185022,11951.8511160489
330083,24329.2175834139,154185,2493.07574858236
330084,9299.30376478154,87577.08,950.204228492827
330105,427084.461465775,2355946.8,44045.0870982087
330106,44820.4379219728,83876.64,4597.81890328897
330107,63351.0720001317,107312.76,6499.78197420441
330108,24617.8912211269,55506.6,2500.51654720734
330110,39216.7041832289,69074.88,4020.56243594682
330112,59948.5544271596,101145.36,6167.08358076118
330113,29502.4320014146,171453.72,3014.8451781856
330114,29300.0111601531,64140.96,3005.47890463114
330161,208580.928975238,2041379.87735483,21312.0568174442
330164,35215.8182239111,256563.84,3589.45677193909
330165,37916.3182583322,154185,3878.83496172299
330171,43847.34131056,76475.76,4495.65944875321
330173,32019.9813626412,70308.36,3296.50635270576
330174,66659.0048697429,112246.68,6865.45546128097
330176,129646.32820294,217092.48,13330.7496396854
330179,41456.2288462154,61674,4266.30789174888
330181,51322.8971522352,499929.444,5250.53990629895
330182,165987.407130491,282466.92,17125.7901551784
330183,43050.3506308148,65374.44,4432.63272603702
330185,66505.8383586221,178854.6,6862.45782061909
330186,22472.7312471123,136916.28,2303.55299519016
330187,89875.4882507408,150484.56,9271.89086193527
330188,92364.7062849619,277533,9521.13381470728
330195,78119.0232447041,180088.08,7996.97646395408
330205,60464.7439760385,587259.566709938,6225.50141595848
330206,60236.9697441905,351541.8,6197.91315009984
330207,153369.982609064,801762,15813.9975684603
330210,51170.308854535,58960.344,5226.55434967185
330211,80937.5831398263,765991.08,8255.14717900481
330213,177811.91438906,1060792.8,18197.8556925534
330214,170354.196548356,1605990.96,17605.4360781753
330229,20362.3012646039,86343.6,2027.62547060613
330254,78270.2303678527,183788.52,8049.27255532256
330258,530898.758023033,1048458,54872.6517083056
330265,79238.1648836845,771980.472251968,8133.21968600866
330269,100638.986797721,213392.04,10349.380748376
330278,109765.33415897,183788.52,11300.5561269864
330634,6505.14779659337,48105.72,659.395744477508
330755,27721.4608342849,150484.56,2819.23434468521
330757,51297.8983183981,503309.840695154,5228.3388066687
330921,41717.3984973987,168986.76,4266.93535448606
331600,161034.548164477,296035.2,16551.1105049114
331601,44259.9373123743,64140.96,4555.23146213198
331649,60560.8866078521,106079.28,6247.49633875428
331651,27305.4278948796,66607.92,2780.35111472106
331652,124461.848873744,191189.4,12764.8268222603
331654,63481.2746597725,120881.04,6489.20237824909
331656,54119.0614861228,82643.16,5554.46120352313
331659,26502.002713217,43171.8,2722.03823928505
331660,27112.2886067146,106079.28,2778.99778288047
331664,83568.7566151938,178854.6,8537.24637968912
331665,291421.857522285,387312.72,29799.2092543255
331694,89710.6222948659,118414.08,9212.77552921383
331695,51662.3834003472,96211.44,5288.91361672853
331696,78594.546038661,108546.24,8015.21825713443
331697,214992.588677679,351541.8,22122.3650647994
331708,123308.021540787,233127.72,12686.8413846343
331709,53695.2373215859,77709.24,5521.25820124391
331744,82480.8309990183,144317.16,8502.4706702752
331745,59527.8995988221,72775.32,6078.44858903997
331747,21722.4726367598,134449.32,2221.03711995053
331767,188951.507480323,278766.48,19418.7878388305
331768,35408.3118526219,97444.92,3595.10465592889
331769,78665.187654934,115947.12,8085.0957989227
331770,93578.9091659027,331806.12,9579.58672056586
331771,1786.01722518776,17588.0348977848,181.365203515098
331788,326313.488890561,481057.2,33639.0636011017
331812,100623.028220349,189955.92,10397.1931799693
331848,111612.697704212,172687.2,11488.5027914379
331926,70963.246375617,186255.48,7268.34447948349
331928,95254.724629782,152951.52,9827.11255849716
331929,128428.227654608,203524.2,13245.4845368805
331930,155320.162289083,342907.44,16025.6965708142
331932,140431.707561457,284933.88,14374.6118557332
331933,39973.4409456909,70308.36,4093.54991912216
331982,18705.2341182249,183817.033764228,1903.44592257095
331984,2668.89060712383,26532.8395301042,268.458905979968
331991,40262.8149184348,85110.12,4130.06788165973
331992,13107.8678489786,128440.379467301,1337.71170919055
331993,39799.7442586015,76475.76,4070.89466188465
331994,156531.872760544,838766.4,16062.9336878876
331995,36760.2013790144,159118.92,3751.46740823002
331996,12170.1485256102,119569.226249765,1238.7176849838
331997,39769.2386538433,387325.062733773,4083.37206981477
331998,1540.97503985355,15212.4946487119,156.095639031348
331999,44230.6197564692,66607.92,4538.95896181881
332000,80217.0914604081,123348,8267.59107347354
332002,114046.081269519,229427.28,11727.2005565709
332004,60396.0292372931,165286.32,6154.03575742934
332006,50336.8758188278,102378.84,5131.67883560892
332008,36507.6967064811,64140.96,3744.03994278844
332009,63871.0265596309,85110.12,6563.80071624768
332010,227867.373912641,407048.4,23443.7019146022
332011,272080.288423353,1039823.64,28004.1234982132
332014,146367.917565691,419383.2,15053.3012315014
332016,108219.547754694,178854.6,11123.8480303088
332017,60995.7338483923,88810.56,6269.08715179253
332018,48590.4128771973,85110.12,4977.84757370174
332022,133101.1074755,333039.6,13733.6963093215
332023,47947.8364127658,62907.48,4924.01585724387
332024,23798.1486151347,61674,2437.69389527447
332026,39898.7185029247,76475.76,4091.71502658734
332027,23535.0908552354,76475.76,2407.15220366359
332028,36997.5867008269,81385.0104,3821.1271081052
332029,27316.6271897698,70308.36,2797.67529700014
332030,77789.2709295509,252863.4,7988.77270097929
332031,99652.5550568474,360176.16,10259.2277058445
332037,954301.211493494,3147840.96,98523.6569618428
332039,220570.322942202,1005286.2,22639.263748864
332042,94977.5710095493,133215.84,9768.96813327052
332043,424234.062120309,4115714.4543315,43728.6263321032
332044,27435.887380703,114713.64,2793.62414613026
332045,1094763.6659338,3015858.6,112819.85131624
332046,2291.86825885425,22791.7636563722,230.463082854717
332055,31814.6150795009,85110.12,3273.04889214092
332070,89672.2267991642,370044,9274.20998448448
332071,60156.1423094029,83876.64,6176.83215528709
332072,31651.815169955,67841.4,3234.13495401618
332073,20621.2015242843,102378.84,2115.19448579855
332074,23499.3066292594,76475.76,2410.83944521817
332077,61593.446641902,135682.8,6367.44652549478
332092,49981.4548259245,80176.2,5120.94037137783
332096,85726.4243390623,550132.08,8863.07342191074
332098,89216.8388424251,877278.665118612,9073.10829445407
332101,107685.077557806,161585.88,11060.4661234813
332102,18059.9567738002,51436.116,1857.20011687993
332107,21029.8998803933,206723.169013977,2139.36682128486
332108,59478.3358983847,185515.392,6152.85952401825
332110,65520.6613790038,90044.04,6705.52988724734
332111,53172.8803027101,63709.242,5433.06803482765
332118,41950.2173091804,152951.52,4334.06583115947
332119,23328.6947996173,83876.64,2403.35048387938
332120,186.349915472021,2046.81125360748,16.9660445902009
332121,89004.1042007189,460088.04,9213.86583826518
332156,9155.3593425632,25903.08,940.778820280304
332163,79700.5275393084,171453.72,8225.17642223167
332185,20542.659730092,200520.585684862,2104.52641231339
332192,62907.48,62907.48,62907.48
332203,130974.081995485,585903,13510.7672458641
340515,116780.953129335,314537.4,11904.1849774717
340571,135096.754239941,209691.6,13912.3755541868
340578,578782.529972308,889339.08,59735.5167928797
340595,475283.458748226,2126149.476,48966.106546287
340626,33077.6948626653,322908.380202,3388.37256791894
340627,51806.8319063198,505947.624906153,5304.7938166871
340631,37646.7874591362,368085.741376406,3850.40887672977
340633,101285.892243874,979780.262577119,10470.5436101089
340634,72748.2279845616,708518.786921007,7469.53330326269
340635,1147569.25021083,5276827.44,118154.840912123
340648,228786.798785896,1187841.24,23473.2511158788
340649,47607.5783537146,318237.84,4863.72169461889
340674,68477.4464941985,91277.52,7037.63069108341
340675,62854.4964088994,98678.4,6446.2211410646
340702,8453339.18734032,82017861.4223024,871260.749512695
340727,212581.354685955,2072408.38335898,21805.9494079397
340742,19253.2249467203,188389.848866537,1967.65735032582
340745,43241.9142530833,422245.739267567,4428.37659301074
340753,4160497.0140151,9401584.56,429077.821592815
340772,29127.9434735353,284247.138169333,2984.85710871796
340776,52798.9916668892,515292.227650221,5410.00498639879
340839,13338.9759279404,29603.52,1354.73051018091
340843,20093.9587092326,34537.44,2050.64268307396
340858,1902.8820406912,18502.2,185.436917446211
340867,38788.0901555219,66607.92,3997.48836519878
364845,652000.189553939,1116299.4,67380.2936318474
364851,447513.734873279,3816387.12,46108.3575652836
364854,10505.1402157628,61674,1072.94325143024
364860,710529.87242542,3374801.28,73294.7114897138
364868,533711.218611457,1158237.72,55126.9258289431
364869,931933.47292764,1869955.68,95849.6042960301
364873,488379.93396799,3207048,50567.4840382825
364877,131977.561316661,266431.68,13480.0824898164
364878,108065.368516888,123348,11045.3541567526
364880,84618.4483761073,370044,8697.24674284276
364881,226907.681246499,2207907.00175323,23319.4132577952
364899,107490.408033009,370044,11016.9109599269
364901,481436.245324857,4662554.4,49439.6378008007
364910,309784.084835167,1597356.6,31786.4744486532
364913,8043.8502431703,79268.918240794,816.253434139241
364932,86618.6896156551,844595.26406929,8883.30506920491
364949,12990.2094265315,126228.328597387,1336.82781686329
364962,73457.1669062384,719293.205694238,7501.74661344531
364963,376351.582756808,801762,38709.5440105167
364965,92378.0833935885,208458.12,9459.04714811266
364986,92340.2970943953,139383.24,9455.66274092716
364991,30632.3078209652,104845.8,3105.84850703582
364997,92037.3919256412,743788.44,9443.63559715511
364999,691138.364756537,6712261.1084648,71164.1325507956
365002,42654.7168028469,123348,4391.56948315232
365003,276960.302613142,2700274.11413469,28407.1194187425
365011,79952.450286275,123348,8178.87657644371
365016,49609.0681391632,69074.88,5071.54739740206
365017,66026.679948459,113480.16,6758.84639820723
365018,133742.661300477,315770.88,13704.8334949085
365022,35431.2078012065,148017.6,3635.14767959713
365027,75888.185669236,246696,7733.87067182314
365035,225933.510102074,678414,23199.6082382465
365036,96157.2709266695,945620.216820417,9777.94318225843
365037,74741.3649574736,474889.8,7638.68241939
365042,414445.531606608,752422.8,42792.1583301267
365046,28896.9031984887,283558.386917216,2944.82918858828
365049,10496.9661020199,49339.2,1019.01654540556
365052,125792.814414617,431718,12853.9417902084
365053,1315321.76318994,8300086.92,135596.563403497
365055,95442.6555840418,143083.68,9788.60558731073
365058,168265.651982407,431718,17239.4829906902
365060,229493.017861386,1517180.4,23631.557618031
365061,289750.260331741,2810285.06104274,29874.2695273626
365064,16445.1063325278,160669.491062059,1683.21639970643
365068,1497884.06693024,6819910.92,154908.583692674
365071,165344.709500092,801762,16958.64774544
365099,8477.57490841058,51806.16,834.691890366865
365110,25874.2602949485,43171.8,2664.56358547374
365133,56733.3288775803,70308.36,5788.47868961949
365134,63982.9589057571,85110.12,6518.81588783993
365135,607569.436935132,957180.48,62342.0524707912
365259,27344.8254756911,70308.36,2800.24388383043
365306,83440.5128410077,178854.6,8615.81786532039
365342,244452.644857785,573568.2,25104.4482670237
365352,40586.7102807669,187488.96,4149.48938151937
365422,4928.5093877444,8634.36,504.353025702544
365530,90204.2582204017,185022,9321.24959941655
365592,10515.8895348601,23436.12,1078.75349037613
365603,1669.9162582216,4810.572,169.230499838508
368627,1321771.44315903,1924228.8,136169.703768224
368628,2969291.88700328,28875992.9874799,305329.562659411
368629,2940136.21010295,28612082.4594952,302124.144448276
368636,3779.98532275715,37205.9155871184,384.03272207623
368642,66002.5388196923,642162.413315705,6783.85255865682
368650,519603.997513138,740088,53511.7147042573
368651,263659.492188183,1726872,27228.3033276207
368656,47888.1132994393,67841.4,4925.73207281544
368658,309240.025515941,1227312.6,31877.3420193305
368665,70620.5655899691,257797.32,7286.46425465679
368666,39149.9139475666,61674,3999.86973044045
368667,163348.244739022,271365.6,16794.2015447809
368668,41451.1160986597,62907.48,4261.2330722224
368669,46509.1466481801,113480.16,4745.36928852654
368678,38606.9860937045,62907.48,3977.86785500777
368680,85663.1596431905,330572.64,8760.29550422654
368694,958956.10983385,2960352,96207.6655374136
368804,677831.929860704,6639752.11323008,69197.782884574
368839,537377.223777725,687048.36,55225.7209549239
368840,133775.212090826,185022,13740.9629429961
368841,50649.8567538699,246696,5212.49240778627
368845,137963.712104037,193656.36,14104.8992443534
368847,361973.595542826,2367048.12,37092.02680144
368862,131594.045079733,647577,13582.1833981661
368872,39605.0533446702,222026.4,4081.09965851489
368931,67540.7557544253,148017.6,6980.6299366498
368981,56645.3082172648,129515.4,5856.01730807455
369023,21804.8674350798,98678.4,2232.52757932459
369068,1915.30523962996,18845.375655345,194.657523842647
369125,587356.738826104,5695015.48117871,60577.1731059515
369134,39238.594118251,80176.2,4046.75601612643
369338,579.511198189981,5955.18577204637,56.3934093213327
370714,1556682.08099152,7129514.4,159918.22635281
370715,589789.82986755,5550660,60600.7424218619
370716,89893.9233900137,135682.8,9259.29791875042
370717,123908.907006647,193656.36,12694.4064087881
370718,837318.90299188,4706959.68,86180.1774348652
370719,11485.5536003422,113629.832855489,1160.94460575424
370725,96201.5795239378,128281.92,9819.85899340342
370727,181806.256969219,277533,18576.7932401565
370731,116768.922566914,298502.16,11901.8515645747
370737,180946.993915743,262731.24,18502.8192029743
370741,121433.700579249,170220.24,12399.8074493097
370753,39809.7486591911,390373.723366924,4059.74068807482
370755,313111.412362529,1094096.76,32156.0753185747
370756,125434.919423697,324405.24,12855.411777256
370758,26858.1645421425,49339.2,2758.37763589986
370760,151720.044346629,1296387.48,15644.9759268409
370761,52088.0108303238,271365.6,5361.04868642671
370764,130982.85883299,252863.4,13523.7187651199
370766,78263.4590070753,178854.6,8059.87126785275
370767,33834.5473285809,55506.6,3484.82037163326
370775,64249.5860382285,114713.64,6579.74857932196
370777,293862.100229579,590836.92,30249.9037989898
370778,60875.8376403658,109779.72,6240.64899852389
370780,144708.601348564,252863.4,14864.7503631277
370784,97491.0102659765,947352.702768364,10032.6911560041
370789,49171.0644025986,77709.24,5047.78552535112
370792,38701.5194829201,62907.48,3964.20363031809
370793,71045.6444601342,129515.4,7293.7960716166
370798,70395.9867227359,125814.96,7240.75940020917
370799,58871.2046918396,106079.28,6028.38165698627
370800,41091.9660966108,94977.96,4218.81562507252
370803,91015.0423768339,162819.36,9345.98939608899
370806,59912.9695634366,207224.64,6149.13663520834
370807,84597.2736830035,829068.331436444,8632.21816975845
370808,573186.580928942,1856387.4,59145.8124915245
370809,52204.2078532398,133215.84,5360.21439783114
370811,95901.5136509429,168986.76,9887.04547474645
370813,479747.873740757,897973.44,49405.9604649923
370819,55131.0994985909,112246.68,5644.24023410082
370820,245891.718436269,532863.36,25418.131455951
370823,78297.5060453704,152951.52,8013.24006040295
370824,89835.5088648553,165286.32,9179.87237173699
370825,143434.571079555,351541.8,14798.4841659943
370827,104626.153741538,815330.28,10781.403411007
370830,161783.657840959,251629.92,16460.0669479878
370833,137474.158704416,323171.76,14100.0273485391
370843,34174.3122767349,292334.76,3458.88228541865
370847,20525.8225469028,203127.438627841,2074.11364054486
370853,1736347.43379692,10959469.8,178329.9560866
370854,225812.265871843,2209604.63689842,23077.0602879215
370859,47602.1127876922,71541.84,4891.50083533987
370865,174719.786740529,418149.72,17883.8593483237
370867,236873.0191896,423083.64,24450.620290483
370868,10693.4045273603,104719.700684298,1091.95213162899
370877,50137.2008749109,85110.12,5123.07395041372
370880,264384.428694195,731453.64,27155.1680848308
370881,78064.1043878742,128281.92,7964.45751039276
370882,81617.7236139719,138149.76,8265.46854244446
370883,273141.032145371,513127.68,28212.2889173104
370884,39091.1076284879,60440.52,4018.43226921492
370885,429326.820575228,852334.68,43734.2018475047
370886,70007.7608864917,210925.08,7156.16651873409
370888,37102.697798083,77709.24,3810.50883868295
370893,123238.891022248,218325.96,12708.9431913156
370898,31611.4194662843,250396.44,3234.91862660173
370900,530668.84225898,762290.64,54610.510498687
370901,170190.757156868,1655424.89403731,17496.954362567
370902,267553.200034519,2623859.01169789,27282.2261141192
370904,47333.5538104563,76475.76,4827.51829201599
370906,84599.9000726413,172687.2,8654.25299231205
370908,139722.168028105,320704.8,14294.917466359
370910,25671.6903444563,217092.48,2623.05339614346
370911,66679.0520208947,124581.48,6776.22682728956
370912,580943.364327837,2688986.4,59890.1237231842
370913,127073.258276959,180088.08,12988.1074912535
370916,110653.443317834,382378.8,11354.7911627962
370917,122021.30395333,160352.4,12467.5972160861
370918,210659.510415351,2070746.45340027,21430.6436481228
370922,205890.670232678,334273.08,21209.469762039
370925,49905.4580310847,358942.68,5053.22515142639
370930,76701.10406874,131982.36,7826.14020098177
370931,390131.778506574,976916.16,40265.2521445816
370932,137110.431696747,203524.2,14122.3824734444
370934,39518.6357168668,135682.8,4042.78526327323
370935,83675.465574803,160352.4,8569.1369964942
370936,234490.586028207,478590.24,24122.3955351961
370939,4024.45794467376,39767.460513043,407.274227207335
370940,387717.982702414,1055858.88,39719.0497452116
370941,458506.875673258,843700.32,46877.0271169543
370944,451696.169933287,1137268.56,46564.7412558176
370945,209180.089185141,335506.56,21558.08496786
370946,93805.9426894621,154185,9579.49363545433
370947,79882.4278039684,160352.4,8217.79675431087
370948,85867.7498147941,119647.56,8738.76786995518
370950,220126.453082986,409515.36,22556.6336569614
370951,165139.692731922,303436.08,16889.5557625871
370953,75228.4169390014,735084.795690517,7698.85970751446
370954,142142.645719418,198590.28,14495.9975931101
370955,103448.468845337,540264.24,10628.6527016194
370964,177484.20491213,283700.4,18298.6697569356
370965,403439.791322718,3895329.84,41629.5217753737
370966,646429.429306298,1414801.56,66621.5217849493
370986,666697.776429043,6460040.19103749,68805.4426831739
370989,508169.844047796,4928906.45085746,52392.2685435908
370990,895424.418749594,7979382.12,92423.3983431472
371023,240264.060520044,566167.32,24624.4575915787
371038,22986.4582340215,40704.84,2351.68270392955
371039,340195.227086277,648810.48,34991.1389971381
371041,35021.9561143656,57973.56,3600.85853715253
371050,851011.607265485,6171100.44,87963.4488277397
371057,91257.9488714911,148017.6,9413.39526142747
371101,197221.550935687,456387.6,20202.3279561006
371104,164711.724503589,1591950.38622177,17041.9583573421
371106,420510.273199352,647577,43130.1692532389
371107,30750.5374478863,299313.377641192,3159.21580513989
371108,63501.6822126316,622330.874571877,6479.61367272373
371109,9786.71621763342,96787.1483824056,989.592274648523
371125,401033.394145989,2258501.88,41435.7967377192
371135,95684.6973361429,250396.44,9858.75078062509
371140,68625.983627825,120881.04,7075.83034218493
371142,30280.3594764869,51806.16,3100.69779782319
371151,201428.847411779,345374.4,20764.3328315779
371182,20566.1987337516,201452.235226118,2099.59710738087
371189,176099.625915678,333039.6,18082.4031572913
371196,101830.690201464,430484.52,10477.3591485223
371197,93549.7658099579,293568.24,9566.26421293925
371236,101488.536894496,868369.92,10323.1919097649
371237,676339.498031252,951013.08,69567.3125742447
371258,230166.934269799,424317.12,23466.7012978592
371259,50477.4737598683,320704.8,5122.57728421597
371300,115022.474238571,193656.36,11768.2213055638
371305,301931.017374152,2936742.49519224,31041.9927527977
371314,31647.0384610005,312094.482746959,3209.07641345289
371315,87584.8362991027,382378.8,8996.49528089131
371316,12056.9328810385,117929.961453565,1232.67767330787
371319,56075.4584990018,549115.668895507,5726.40196590648
371320,147063.527654839,418149.72,15130.1154607417
371322,140237.990677691,281233.44,14384.4594998474
371323,239495.082610472,2329576.05360747,24621.6020746673
371324,535381.272270744,3103435.68,55220.4029125246
371325,269683.442624679,720352.32,27677.0855265203
371326,49884.9161606858,172687.2,5022.22493575052
371327,265229.776587562,429251.04,27220.9582837446
371328,265556.75720216,460088.04,27164.3197766666
371329,106911.304071228,428017.56,10897.8651140508
371345,62004.9729612987,607061.963654739,6333.15361875969
371350,29047.1292880788,46872.24,2970.50253541222
371352,122426.546559713,1184510.41228882,12653.5479528423
371353,952863.57902855,3305726.4,98361.0018580792
371358,5033.03132612105,49748.915791922,509.185053110826
371359,103834.374871223,1013920.56,10539.0463750854
371364,40564.6280516754,148017.6,4138.32245952071
371369,55244.7187775672,419383.2,5632.0054919247
371370,32612.6373026517,54273.12,3329.88519737457
371371,30188.4327751469,164052.84,3077.20482186603
371372,152999.12169201,405814.92,15670.8798629112
371373,143393.079852529,246696,14808.4564375634
371374,9989.20415387249,97924.4463915408,1018.99171560048
371375,20730.7489439258,203454.496116642,2112.33450220581
371377,260022.715411432,1919294.88,26672.8706408531
371378,102722.050709737,444052.8,10416.421538326
371380,42159.1887313583,90044.04,4270.11913348999
371382,17541.4414423769,174237.56047875,1765.99217201428
371384,250323.750713397,2075946.84,25708.1890885835
371385,37194.3910437783,268898.64,3795.07973867682
371387,86856.9619529615,140616.72,8897.44043610385
371388,24870.0406854363,246556.462832608,2508.62993648308
371389,446354.063203061,839999.88,45548.8567487606
371392,40732.0973921826,397182.770754102,4177.17957608339
371393,154163.921519335,1361761.92,15853.5151366371
371395,96126.3772318213,939546.553048501,9834.82975881603
371396,39797.4529534731,392314.430559629,4037.16289335723
371397,162764.69466415,1588756.607606,16674.8926187212
371399,200935.098897556,1269250.92,20452.3971391284
371400,6267.02927025037,62268.1800231333,630.75002127224
371401,41591.1135209128,410293.362968015,4216.05826474045
371402,90672.3395593845,892035.389115732,9216.53250699192
371406,64024.0931968091,150484.56,6527.2830775566
371408,368171.68697891,3574863.77242331,37917.6381876534
371409,3837224.75629047,34895149.2,394184.280770471
371410,107539.110377519,1059426.44253968,10915.9633896481
371411,364021.643967941,3580913.1015678,37005.0189766141
371414,87367.5052693011,172687.2,8914.61867096674
371416,613875.423790321,1897092.24,63412.462850677
371417,46758.092909504,272599.08,4792.95115777608
371419,64217.1766042268,161585.88,6603.36332966162
371422,193296.949122428,326872.2,19898.2951122763
371423,509844.632944322,1469074.68,52453.0655662985
371424,110992.164436321,152951.52,11368.7281822923
371425,304407.394359858,627841.32,31191.9270067142
371426,37048.8928235354,361457.925888966,3797.45569577428
371427,146957.282144248,944845.68,15125.4734120313
371428,81011.1170877817,146784.12,8327.42696953546
371429,161654.50125233,651277.44,16550.9251948849
371432,163231.293227874,239295.12,16651.2029786345
371433,58681.4108895232,203524.2,6026.09962010389
371434,60693.301234568,171453.72,6163.35520820699
371435,325056.132996108,1180440.36,33109.1970387244
371436,631090.287647315,2557004.04,64732.4849014741
371437,66785.0123416316,650655.343752973,6854.99307167029
371440,76626.9408285758,684581.4,7879.03159937011
371441,97493.4172533428,226960.32,9998.5475190396
371443,59605.5408014384,91277.52,6132.43700146399
371444,219377.152613868,520528.56,22596.7914352927
371445,181050.313094787,300969.12,18431.002937013
371446,185445.570973791,1794439.10043021,19164.7962784307
371450,214405.931115558,1036123.2,21925.6604094025
371451,71178.8965473739,246696,7299.42041854646
371452,12597.4304894462,123226.035608375,1287.83867916339
371454,37498.9109914464,365853.268122669,3843.53085804045
371455,164314.734141023,259030.8,16872.2037604668
371456,38670.7793463793,64140.96,3967.04074334474
371457,25547.4261397478,251881.378303492,2591.18394047958
371458,241151.192001589,937444.8,24813.0176854257
371460,344858.079243698,3357358.11282343,35422.8208082452
371464,2923347.6,2923347.6,2923347.6
371465,57699.6704036629,93744.48,5874.77005811829
371466,302346.111484208,932510.88,31133.7517634754
371472,55935.9150145069,115947.12,5754.94115472966
371474,75384.9045504235,735927.324104602,7722.07206872062
371479,726197.189399601,4933920,74516.7683707783
371480,35446.3565797736,67841.4,3636.75054905255
371488,23240.5625868589,43171.8,2388.37022818745
371489,29797.7924868085,55506.6,3058.78438661827
371492,1614113.9418064,6790307.4,166404.343269503
371495,31409.6694620213,62907.48,3222.62019847174
371496,206553.088328427,1016387.52,21328.7527337642
371497,79696.5113294675,187488.96,8163.38498854398
371498,264084.036791524,783259.8,27157.7594066662
371501,53864.6494961387,138149.76,5520.67190825894
371503,42737.1211659865,313303.92,4387.36219518969
371509,90131.4101972039,203524.2,9235.322817275
371514,55258.8830893385,124581.48,5653.67031452223
371518,58051.1602020502,568506.785014768,5927.69917551037
371519,222409.039845785,296035.2,22825.285062658
371523,146191.442434692,589480.092,14876.2606534136
371525,77829.5702708552,459471.3,8012.41742834797
371526,15548.8716135088,62660.784,1594.41823823819
371527,72869.9296086592,343129.4664,7488.32673857122
371528,61247.1053279502,104969.148,6266.54627899649
371529,25133.0275531667,244662.266279546,2581.8001426771
371530,28001.0020883656,123841.392,2877.68327285479
371532,110554.710383677,643481.8464,11367.0313288686
371533,13073.6987282486,92042.2776,1339.45790918219
371535,42568.6899670328,414150.655285869,4375.44488311519
371536,54373.5212264685,405407.8716,5584.39572053784
371537,99069.50635199,964012.885008126,10181.1575773121
371538,60701.231032449,117180.6,6205.93677210688
371540,114888.288383799,178854.6,11783.6590425641
371542,119096.53893142,445409.628,12194.343417141
371543,12785.0170656735,21832.596,1300.23494861819
371544,48341.4559593003,119524.212,4936.80536607414
371545,128674.355329711,287400.84,13179.454655477
371546,73745.5238840412,186810.546,7537.40921301757
371547,20254.0860932037,34537.44,2069.17885005746
371548,194215.352087741,448246.632,19881.2389730161
371549,45239.8208508289,82643.16,4631.90491149249
371551,29660.063773741,51806.16,3033.47800265945
371553,8998.84213495546,22646.6928,909.9916525769
371554,21658.5854721757,41938.32,2211.12298600046
371555,16241.9639037345,34192.0656,1653.29285747543
371556,15686.2383235984,28123.344,1602.54821810719
371557,21501.0277716862,40704.84,2192.89548329827
371562,48542.7505527238,91721.5728,4953.1060955753
371563,30351.4463462881,61674,3090.84137588379
371564,57216.5861551652,104599.104,5847.53536120526
371565,202183.052436069,495858.96,20698.4500618216
371566,57462.7302183897,86836.992,5867.87165677999
371567,76696.9377578177,158625.528,7848.18986069188
371568,155722.006361064,329215.812,16050.2978722916
371569,184613.753829624,468722.4,19025.5210634725
371580,55079.7300345235,537619.683294579,5642.97914481991
371592,51138.0945857997,104229.06,5211.85276471617
371593,29725.843983561,44405.28,3045.16372544912
371594,45834.0689968827,447524.23035278,4694.1857855495
371595,6824.99715169212,66930.5760214517,695.953761187953
371603,73204.9648025202,192546.228,7451.33813059011
371605,29966.1348277295,290694.773410617,3089.04500063113
371617,275464.337433493,860969.04,28237.1578384112
371619,78172.8674162481,175154.16,8024.15120739597
371625,48554.1774193896,102378.84,4980.17057195349
371626,34067.8637332507,90044.04,3494.92802363404
371633,30497.6914457232,59207.04,3120.30556130032
371634,100606.244673762,186255.48,10306.2597139453
371637,90807.3862432014,883331.987935814,9335.08749704776
371641,34993.3312980163,66607.92,3592.43933519766
371642,47449.55611337,99911.88,4855.50159328651
371648,43513.042617228,141850.2,4483.23357784883
371651,23433.1244856192,46872.24,2392.93474487971
371652,115705.084436449,186255.48,11830.2165642391
371653,32966.220176059,62907.48,3383.23873121056
371656,240691.333504777,2350180.72452572,24650.1545263074
371657,92467.2802645266,261497.76,9510.42557699757
371658,53104.4003944289,69074.88,5415.78381739839
371663,32367.6241556342,109779.72,3316.81953229261
371664,46014.7567621068,64140.96,4691.82925993668
371666,40118.1975366222,80176.2,4136.08170642052
371668,65837.5001203267,150484.56,6708.5315751615
371679,23591.0051386645,40704.84,2416.03182802584
371682,166553.707444994,224493.36,17070.0301055005
371683,19759.5562452763,193426.397999184,2018.54590195018
371687,111403.19257428,209691.6,11423.6510094525
371695,38007.214171144,76475.76,3898.67926494097
371697,12449.3189201268,73034.3508,1277.63447560385
371698,2119.39961478865,20941.4848419899,214.495522216249
371705,30453.1665481764,301749.883265886,3073.39092487335
371706,6287.84967086857,20796.4728,643.737679356844
371717,50843.7722275318,77585.892,5184.48672914406
371720,254573.221315676,2469286.3762979,26245.4471190997
371724,38843.1415979634,83876.64,3967.34233406283
371727,392303.80513284,532863.36,40370.9242852957
371731,65653.1807552245,131982.36,6714.17142736442
371735,58000.6403426808,85110.12,5950.78131340042
371738,544036.66991946,5254611.80131689,56326.8818722021
371739,7515.3027716652,27444.93,766.270028306064
371740,26919.3340507537,56740.08,2738.77343001125
371745,11502.1072635521,52916.292,1179.88928080635
371746,61026.2842647224,182555.04,6217.27199411577
371755,10383.0055858474,42431.712,1063.41794479448
371756,101688.391160059,144317.16,10351.6776067382
371757,37304.3139796987,72775.32,3819.94031119761
371762,250023.839464685,432951.48,25522.4211871325
371766,37488.2363138313,125814.96,3850.85221331777
371767,53118.7177248562,518382.219989387,5443.08439589368
371770,76053.323264318,198590.28,7832.63904626064
371780,574584.396972161,3003523.8,59537.5124323028
371782,30760.0927126013,217092.48,3149.34652819071
371785,93735.5408654629,914433.532225661,9608.51862021677
371791,112505.282852654,162819.36,11454.2633162132
371796,269420.676016832,897973.44,27683.7491587216
371804,39626.8932062025,402333.584234399,3902.95696583195
371805,15119.3772422641,147963.381186196,1544.94690754755
371811,136928.637139139,308370,14142.6316856078
371813,22948.6893308998,63918.9336,2366.45151353405
371821,34736.0372785926,80176.2,3591.03311655829
371823,55830.7533155605,373744.44,5773.26613043636
371826,39595.3666254399,165286.32,4094.24051745165
371835,165092.708849204,1606233.90627028,16968.6385082334
371836,32154.8555937747,220792.92,3298.95098008212
371844,22498.3259379229,70308.36,2312.241056335
371845,61517.1566814207,598980.3519525,6318.00451188518
371846,25174.3058072754,62907.48,2602.23997391473
371847,55527.475466774,162819.36,5745.86870847553
371856,117429.221433914,388546.2,12118.8647300502
371863,30547.4381554182,305515.870238229,3054.32898504248
371865,1490615.25970896,14395100.4378967,154353.480343056
371867,15658.9056468235,70308.36,1607.1376534069
371873,27467.9392250497,67841.4,2821.59734889477
371888,19989.4504703683,54273.12,2064.85000152342
371896,18367.9582010993,61674,1894.70258259927
371905,22839.6845657382,69074.88,2348.6407958147
371907,10754.2624463832,105087.543495563,1100.55061635893
371911,59947.0080054275,182555.04,6203.17890565693
371917,86285.4008193225,312070.44,8924.02024325264
371924,13501.2664983966,40704.84,1386.76137739864
371998,11581.965640749,114450.733359869,1172.04952878465
372002,28315.0652083002,125814.96,2921.57858161151
372005,23360.33266694,36757.704,2384.65838024921
372006,25019.4737545891,73540.0776,2543.49510104417
372012,5464.50329251293,54114.6487178809,551.80615492045
372015,30199.5615200894,86343.6,3099.54097039842
372019,13061.7291416418,55506.6,1344.61707574045
372023,78330.9366972043,303855.4632,8008.29891912176
372032,15334.5137534192,39471.36,1572.78761389935
372034,15115.1303652783,35770.92,1550.76582559765
372035,11413.9049070343,30837,1166.87429400567
372051,53941.2567584205,267665.16,5541.56216246037
372057,55831.386239108,127418.484,5713.23172893766
372058,36950.5949327792,99911.88,3730.34300940568
372059,201753.22968867,681867.744,20668.2522643607
372060,89982.0194661682,150237.864,9210.87341808641
372061,47982.7345162595,81125.9796,4905.90775376102
372069,19715.6972452684,65374.44,2017.876899837
372070,25807.6965105914,61674,2650.47458350543
372075,269492.572829513,662378.76,27496.7878320063
372090,3643533.81604316,12159645.84,375777.212699267
372094,24072.9349366146,234118.447761767,2475.26925794489
372102,12878.6160386027,27136.56,1294.85440117212
372103,51878.1074505405,86343.6,5287.95986536481
374987,57455.072035554,192422.88,5889.51857864034
403015,162475.676345959,1576667.29978529,16743.1298966318
403020,158629.936748963,709251,16209.2778041433
438964,146797.536155715,1065726.72,15054.5830614923
438984,100116.976789808,123348,10254.5093305191
439004,34311.9674880686,48105.72,3527.80915737186
439036,45619.8140382818,103612.32,4696.79886610684
439056,163088.992326975,1099030.68,16635.6520399104
439170,121710.485059416,236828.16,12576.2454577867
439202,98678.4,98678.4,98678.4
439214,21284.6887961816,101145.36,2180.44623712275
439253,132405.628665012,1285530.63775914,13637.3649816206
439276,103468.034371672,1017500.08206172,10521.5069025303
439279,119272.996006277,386079.24,12166.6728957701
439308,73624.1603607667,149251.08,7493.33209518297
439309,12598.5290048382,22202.64,1294.33708736194
439312,84418.6283986466,818000.17041928,8712.10676772348
439321,129727.357626783,172687.2,13299.0982516006
439323,76299.6663433386,141850.2,7882.76645178416
439363,103020.041437171,185022,10613.8123211306
439367,19481.1667979119,40704.84,1940.90863291702
439372,270423.676579755,1657797.12,27800.3902312172
439373,105625.77933528,166519.8,10875.4427784663
439374,18725.6989807158,24669.6,1921.45896032983
439384,24989.3237449248,61674,2575.83691282292
439390,17242.0613078454,49339.2,1763.22011727615
439436,24858.2501526446,243904.816659993,2533.49896534788
439457,225874.117153424,2183292.69215111,23367.9693901104
439485,141759.151759842,185022,14542.87532029
443834,82940.2006360719,808459.409880795,8508.87106696694
443847,17874.4440379207,175695.42540117,1818.46367903573
443854,738010.117268222,2220264,76296.913595458
443862,58896.3354509034,576621.445225534,6015.69427961284
443896,7865.20609420919,76234.8188319844,811.459485995806
454927,51035.5868524852,498853.779520264,5221.23161597046
454960,90119.1672828393,886194.692505815,9164.42445484301
454961,173971.208926532,1472775.12,17775.5742817198
454990,195444.583104068,345374.4,19947.6204366639
454993,31112.8787395864,61674,3181.35247008103
455030,60193.7445754241,296035.2,6126.25307482897
455046,39961.191794216,392877.643300374,4064.61624082085
455050,23313.9249678438,229916.5220813,2364.07150075997
455054,116667.156877297,209691.6,11940.9709590995
455056,31060.3353011699,305796.877353256,3154.85376231173
455065,20782.786153618,204541.218112856,2111.67315953258
455433,162069.909615442,204757.68,16631.2964337
455461,6735.98564087893,66132.7535851841,686.097283030601
455462,3642.36244793123,36041.9547850181,368.093359009882
455503,34338.945874299,159118.92,3492.48694869637
455506,52066.1636258004,86343.6,5329.84932143625
458509,11031.5993427775,30837,1114.07925079112
461874,9672202.57205288,94133585.5463175,993816.415808311
468950,217688.176500097,2116257.83361421,22392.4237563277
468954,57551.2991152899,185022,5884.79891095054
468955,377665.055947578,555066,38766.9686479844
468962,99289.5012023114,576035.16,10242.0079303315
468974,30100.5534459075,64140.96,3065.88179368752
468977,318360.552229968,894273,32857.0331801714
468994,851144.052724549,1366695.84,87739.5215062498
468995,78115.3921439721,197356.8,8068.79892058023
468996,266619.309197481,1233480,27371.7069842581
469002,107136.969939151,543717.984,11023.1797187125
469013,17341.9444651949,169372.373152075,1775.63218981336
469014,491251.2675159,884405.16,50601.73903445
469015,53186.6438649924,61674,5417.06378410681
469041,73456.8652973864,717706.647998604,7518.26818710039
469099,39739.7334697852,87577.08,4092.04819274827
469109,38433.2302673172,61674,3960.55034959815
469110,16081.444390312,30837,1656.83498981941
469168,112669.839893967,308370,11545.5227418981
469220,12967.8785392526,44405.28,1311.27616890627
470223,1199236.9230899,3355065.6,123042.781892156
470291,76310.6338009563,246696,7883.61011660197
470346,63849.4234415502,308370,6565.31425183721
470541,65579.9961445271,498325.92,6707.32266117132
470828,127068.51099556,214625.52,12944.815408367
470836,206801.234587831,2020799.49891909,21163.2824780127
470837,155978.622032673,205991.16,15999.6111951602
470840,408212.538505281,936211.32,41481.1044709731
470841,141943.126668951,186255.48,14569.9248986661
470877,178626.358833699,286167.36,18267.1195591109
470880,284682.93621665,494625.48,29144.9378337826
470881,58372.2700177133,254096.88,5952.93130269757
470884,17781981.6154223,172562120.828981,1832377.05153489
470888,89991.5269117212,208458.12,9288.24883673705
470890,57536.816185298,182555.04,5885.30292033935
470893,419888.682381625,4082625.32297559,43184.5911991938
470894,33203.1628746222,120140.952,3410.12651976942
470895,576995.148252288,1196475.6,59198.0412198122
470904,45900.653064174,155418.48,4735.69835707608
470908,55208.6117300261,538996.074180816,5654.94064829547
470933,9229.71766856139,90125.0243084991,945.216812921524
470938,337348.043833152,3286061.95682955,34632.2449707717
470951,9964.43157287779,97446.6111509297,1018.91584938525
470953,70475.7340754911,219559.44,7192.46197647627
470954,54661.3048187728,270132.12,5600.66162741452
470966,24465.9050897243,196123.32,2467.06585191709
471070,8011.26046310029,79760.1884433279,804.665779510236
